time,open,high,low,close,VIDYA 55,VIDYA 233,Lower BB,Upper BB,Midline BB,Lower BB2,Upper BB2,Lower BB3,Upper BB3,Trend Line,Short Kalman,Long Kalman,Title (Open),Title (High,Title (Low),Title (Close),PlotCandle (Open),PlotCandle (High,PlotCandle (Low),PlotCandle (Close),ParabolicSAR,Previous Value,MOM-LRC Upper,MOM-LRC Lower,Upper Band (1.5 Dev),Lower Band (1.5 Dev)
26/02/2025,43681,43858,43261,43427,43841.3249,41650.59797,41173.67865,44309.25711,42741.46788,40651.08224,44831.85352,40128.48583,45354.44993,33860.58269,43572.68214,43870.1252,43681,43858,43261,43427,43681,43858,43261,43427,44789.23472,56.54835749,74.7024247,38.39429029,70.1639079,42.93280709
27/02/2025,43418,43888,43218,43256,43820.42044,41664.31936,41115.52091,44276.21694,42695.86893,40588.73824,44802.99961,40061.95557,45329.78228,33880.00256,43425.9554,43737.80644,43418,43888,43218,43256,43418,43888,43218,43256,44666.97594,56.38658553,74.61867673,38.15449434,70.06065393,42.71251713
28/02/2025,43279,43858,43080,43766,43818.47685,41682.28244,41056.96803,44243.455,42650.21152,40525.88687,44774.53616,39994.80571,45305.61732,33899.6139,43583.50655,43743.881,43279,43858,43080,43766,43279,43858,43080,43766,44522.07834,56.19821653,74.52517581,37.87125726,69.94343599,42.45299708
03/03/2025,43806,44045,42914,43252,43798.24554,41695.69883,40997.97941,44210.9061,42604.44275,40462.49163,44746.39388,39927.00385,45281.88166,33918.85287,43429.91129,43637.90085,43806,44045,42914,43252,43806,44045,42914,43252,44349.02894,56.00270588,74.45875316,37.54665859,69.84474134,42.16067041
04/03/2025,43268,43292,42352,42765,43761.34391,41704.83816,40938.62799,44178.61741,42558.6227,40398.62975,44718.61565,39858.63151,45258.61389,33936.83697,43121.8413,43449.82657,43268,43292,42352,42765,43268,43292,42352,42765,44148.12489,55.79391032,74.42640358,37.16141707,69.76828026,41.81954038
05/03/2025,42793,43125,42404,42978,43733.36734,41715.71988,40879.08468,44146.72722,42512.90595,40334.47759,44691.33431,39789.8705,45235.94141,33954.8508,43055.19603,43348.16732,42793,43125,42404,42978,42793,43125,42404,42978,44045,55.56217567,74.41985303,36.70449832,69.70543369,41.41891766
06/03/2025,42999,43031,42363,42598,43692.81851,41723.26074,40819.26275,44115.10937,42467.18606,40269.95498,44664.41715,39720.6472,45213.72492,33972.48065,42843.3657,43186.53708,42999,43031,42363,42598,42999,43031,42363,42598,43774.12,55.31337906,74.44302558,36.18373253,69.66061395,40.96614416
07/03/2025,42596,42889,42154,42749,43659.1107,41732.02774,40759.09644,44083.64978,42421.37311,40205.00422,44637.74201,39650.912,45191.83423,33989.93987,42799.64372,43092.26581,42596,42889,42154,42749,42596,42889,42154,42749,43546.5808,55.04719615,74.44017337,35.65421894,69.59192906,40.50246324
10/03/2025,42494,42651,41606,41945,43597.89246,41733.84802,40698.49841,44052.23547,42375.36694,40139.54224,44611.19165,39580.58606,45170.14782,34006.29087,42403.66595,42845.07715,42494,42651,41606,41945,42494,42651,41606,41945,43295.91626,54.76490713,74.38002262,35.14979165,69.47624374,40.05357052
11/03/2025,41906,42073,41167,41423,43520.21773,41731.19119,40637.86323,44021.23175,42329.54749,40073.96848,44585.12651,39510.07372,45149.02126,34021.57031,41949.29894,42538.67793,41906,42073,41167,41423,41906,42073,41167,41423,42957.933,54.46416858,74.27335836,34.65497881,69.32106092,39.60727625
12/03/2025,41505,41974,41003,41318,43441.5671,41727.65965,40577.62766,43991.0076,42284.31763,40008.731,44559.90426,39439.83434,45128.80092,34036.5705,41656.80239,42275.67198,41505,41974,41003,41318,41505,41974,41003,41318,42651,54.14541821,74.13957741,34.15125901,69.14103761,39.14979881
13/03/2025,41375,41443,40653,40852,43349.08256,41720.17538,40517.94651,43961.63784,42239.79218,39943.99796,44535.5864,39370.0494,45109.53495,34050.63143,41283.91735,41968.92914,41375,41443,40653,40852,41375,41443,40653,40852,42321.4,53.8106089,74.00854051,33.61267728,68.95905761,38.66216019
14/03/2025,40930,41510,40897,41402,43279.5439,41717.45593,40459.24807,43933.42609,42196.33708,39880.21839,44512.45577,39301.18872,45091.48544,34065.24486,41338.62799,41846.7792,40930,41510,40897,41402,40930,41510,40897,41402,41987.72,53.46088321,73.8750698,33.04669661,68.77152315,38.15024326
17/03/2025,41280,42014,41211,41849,43228.45304,41718.58024,40401.43175,43906.18467,42153.80821,39817.30627,44490.31015,39233.18078,45074.43564,34080.68228,41575.09608,41847.25769,41280,42014,41211,41849,41280,42014,41211,41849,40653,53.11726719,73.7457326,32.48880178,68.58861625,37.64591813
18/03/2025,41883,41886,41397,41574,43169.36544,41717.34451,40344.24378,43879.61242,42111.9281,39755.01568,44468.84052,39165.78757,45058.06863,34095.94204,41574.58824,41788.38188,41883,41886,41397,41574,41883,41886,41397,41574,40680.22,52.80013946,73.63898682,31.9612921,68.42927498,37.17100394
19/03/2025,41582,42186.5,41505.5,41972.5,43126.62024,41719.52532,40287.66011,43853.65515,42070.65763,39693.3276,44447.98766,39098.9951,45042.32016,34111.71577,41758.95069,41828.05177,41582,42186.5,41505.5,41972.5,41582,42186.5,41505.5,41972.5,40706.8956,52.50468142,73.53085086,31.47851198,68.2743085,36.73505434
20/03/2025,42034.5,42243.5,41672.5,41956.5,43084.83023,41721.55075,40231.46537,43828.08483,42029.7751,39632.02879,44427.5214,39032.59221,45026.95798,34127.59792,41850.48022,41855.72709,42034.5,42243.5,41672.5,41956.5,42034.5,42243.5,41672.5,41956.5,40766.07978,52.24077866,73.42073867,31.06081865,68.12574867,36.35580865
21/03/2025,41949.5,41992.5,41400.5,41976.5,43045.24701,41723.7298,40175.67949,43802.91831,41989.2989,39571.13969,44407.45811,38966.59988,45011.99791,34143.10852,41908.86833,41881.74869,41949.5,41992.5,41400.5,41976.5,41949.5,41992.5,41400.5,41976.5,40854.72499,52.00814948,73.32171392,30.69458505,67.99332281,36.02297616
24/03/2025,42145.5,42638.5,42134.5,42557.5,43027.82747,41730.85604,40120.47945,43778.32022,41949.39983,39510.83933,44387.96034,38901.1992,44997.60047,34159.91093,42209.39557,42027.34534,42145.5,42638.5,42134.5,42557.5,42145.5,42638.5,42134.5,42557.5,40938.05149,51.7952012,73.19660962,30.39379277,67.84625751,35.74414488
25/03/2025,42534.5,42692.5,42435.5,42594.5,43012.35149,41738.23762,40065.53136,43753.95734,41909.74435,39450.7937,44368.695,38836.05604,44983.43267,34176.94384,42387.82406,42149.54388,42534.5,42692.5,42435.5,42594.5,42534.5,42692.5,42435.5,42594.5,41074.08737,51.62294009,73.0628983,30.18298189,67.70290875,35.54297144
26/03/2025,42594.5,42819.5,42317.5,42407.5,42990.74965,41743.95781,40010.70116,43729.70766,41870.20441,39390.86674,44349.54208,38771.03232,44969.37649,34193.82216,42396.94042,42205.12283,42594.5,42819.5,42317.5,42407.5,42594.5,42819.5,42317.5,42407.5,41235.92863,51.49005804,72.93206788,30.04804819,67.57156542,35.40855065
27/03/2025,42302.5,42561.5,42148.5,42306.5,42966.31217,41748.76586,39955.97233,43705.56585,41830.76909,39331.04008,44330.4981,38706.10783,44955.43035,34210.31004,42355.03711,42226.96544,42302.5,42561.5,42148.5,42306.5,42302.5,42561.5,42148.5,42306.5,41425.9572,51.38864425,72.81927986,29.95800865,67.46162095,35.31566755
28/03/2025,42281.5,42354.5,41401.5,41401.5,42910.42602,41745.79778,39901.32304,43681.50792,41791.41548,39271.29223,44311.53874,38641.26141,44941.56955,34225.51015,41913.23957,42049.11154,42281.5,42354.5,41401.5,41401.5,42281.5,42354.5,41401.5,41401.5,42819.5,51.30431924,72.75174432,29.85689417,67.38988805,35.21875044
31/03/2025,41322.5,42137.5,41143.5,41934.5,42875.57152,41747.41061,39847.04106,43657.81734,41752.4292,39211.91168,44292.94673,38576.7823,44928.07611,34240.71863,41923.09006,42024.41746,41322.5,42137.5,41143.5,41934.5,41322.5,42137.5,41143.5,41934.5,42791.14,51.21150954,72.72032207,29.702697,67.34311894,35.07990014
01/04/2025,41932.5,42138.5,41500.5,41957.5,42842.78325,41749.20625,39793.07461,43634.43592,41713.75526,39152.84772,44274.6628,38512.62083,44914.88969,34256.15341,41939.03304,42009.9995,41932.5,42138.5,41500.5,41957.5,41932.5,42138.5,41500.5,41957.5,42725.2344,51.11228813,72.72714012,29.49743615,67.32342712,34.90114914
02/04/2025,41950.5,42566.5,41607.5,41762.5,42804.2017,41749.31987,39739.43893,43611.35766,41675.39829,39094.11914,44256.67745,38448.79935,44901.99723,34271.78637,41857.24088,41956.67352,41950.5,42566.5,41607.5,41762.5,41950.5,42566.5,41607.5,41762.5,42661.96502,51.01499698,72.76426205,29.26573192,67.32694578,34.70304818
03/04/2025,41511.5,41543.5,40378.5,40400.5,42718.35521,41737.7915,39686.15938,43588.57131,41637.36534,39035.75739,44238.9733,38385.3554,44889.37529,34284.94908,41182.29647,41621.38205,41511.5,41543.5,40378.5,40400.5,41511.5,41543.5,40378.5,40400.5,42601.22642,50.92611063,72.83234516,29.01987609,67.35578653,34.49643473
04/04/2025,40406.5,40476.5,38035.5,38168.5,42555.86039,41707.28473,39634.20513,43566.94418,41600.57466,38978.74862,44222.40069,38323.29211,44877.8572,34294.27813,39785.92935,40877.42779,40406.5,40476.5,38035.5,38168.5,40406.5,40476.5,38035.5,38168.5,42566.5,50.81549548,72.89856138,28.73242957,67.3777949,34.25319605
07/04/2025,37411.5,39205.5,36480.5,38228.5,42401.3118,41677.55153,39585.11866,43547.71131,41566.41499,38924.68655,44208.14342,38264.25445,44868.57553,34301.7219,39064.33346,40306.69265,37411.5,39205.5,36480.5,38228.5,37411.5,39205.5,36480.5,38228.5,42204.02,50.67521415,72.95996999,28.39045831,67.38878103,33.96164727
08/04/2025,38278.5,39441.5,37090.5,37543.5,42227.81852,41642.21776,39539.99065,43531.54445,41535.76755,38874.73168,44196.80342,38209.47271,44862.06238,34309.25924,38359.69336,39711.33813,38278.5,39441.5,37090.5,37543.5,38278.5,39441.5,37090.5,37543.5,41631.668,50.50643708,73.01807461,27.99479955,67.39016523,33.62270893
09/04/2025,37546.5,40829.5,36679.5,40804.5,42176.98572,41635.05777,39499.03725,43518.29201,41508.66463,38829.16145,44188.1678,38159.28566,44858.0436,34319.64097,39492.43329,39946.86961,37546.5,40829.5,36679.5,40804.5,37546.5,40829.5,36679.5,40804.5,41116.5512,50.31408874,73.04174089,27.58643659,67.35982786,33.26834963
10/04/2025,40711.5,40909.5,38400.5,39559.5,42083.50408,41617.31796,39461.60043,43507.14403,41484.37223,38787.34316,44181.4013,38113.08589,44855.65857,34330.37685,39523.50697,39863.40737,40711.5,40909.5,38400.5,39559.5,40711.5,40909.5,38400.5,39559.5,36480.5,50.13460271,73.05586434,27.21334108,67.32554894,32.94365649
11/04/2025,39593.5,40404.5,39008.5,40224.5,42017.11108,41605.41354,39427.8627,43498.19064,41463.02667,38749.47471,44176.57863,38071.08671,44854.96662,34341.60922,39848.29454,39941.208,39593.5,40404.5,39008.5,40224.5,39593.5,40404.5,39008.5,40224.5,36569.08,49.97004075,73.04855744,26.89152406,67.27892826,32.66115323
14/04/2025,40501.5,40791.5,39877.5,40468.5,41961.80354,41595.69633,39397.75934,43491.333,41444.54617,38715.49707,44173.59527,38033.23479,44855.85755,34353.83099,40135.65121,40054.81777,40501.5,40791.5,39877.5,40468.5,40501.5,40791.5,39877.5,40468.5,36655.8884,49.82380817,73.01731535,26.63030098,67.21893855,32.42867778
15/04/2025,40436.5,40788.5,40299.5,40322.5,41903.25699,41584.81431,39371.07005,43486.37072,41428.72039,38685.1866,44172.25417,37999.30316,44858.13762,34366.21224,40222.22292,40112.4923,40436.5,40788.5,40299.5,40322.5,40436.5,40788.5,40299.5,40322.5,36740.96063,49.70292709,72.98343624,26.42241793,67.16330895,32.24254522
16/04/2025,40155.5,40501.5,39375.5,39623.5,41821.8371,41568.05094,39347.86696,43483.4278,41415.64738,38658.60682,44172.68795,37969.34668,44861.94809,34377.27962,39944.81965,40007.13454,40155.5,40501.5,39375.5,39623.5,40155.5,40501.5,39375.5,39623.5,36824.33142,49.60634657,72.95776326,26.25492987,67.11990909,32.09278404
17/04/2025,39698.5,40093.5,38935.5,39210.5,41728.57506,41547.90093,39328.63174,43482.99735,41405.81455,38636.23747,44175.39162,37943.8432,44867.78589,34387.47373,39604.59103,39835.49252,39698.5,40093.5,38935.5,39210.5,39698.5,40093.5,38935.5,39210.5,36906.03479,49.51602548,72.93725205,26.09479891,67.08194541,31.95010555
21/04/2025,39001.5,39058.5,37801.5,38108.5,41599.28666,41518.50434,39313.64601,43485.34165,41399.49383,38618.36341,44180.62425,37923.0808,44875.90686,34395.44004,38911.41471,39463.39657,39001.5,39058.5,37801.5,38108.5,39001.5,39058.5,37801.5,38108.5,36986.1041,49.42351466,72.92801188,25.91901744,67.05188757,31.79514174
22/04/2025,38155.5,39280.5,38072.5,39186.5,41513.11571,41498.57268,39303.59117,43490.98679,41397.28898,38605.6919,44188.88606,37907.79264,44886.78533,34404.45028,39038.86859,39403.73673,38155.5,39280.5,38072.5,39186.5,38155.5,39280.5,38072.5,39186.5,37064.57201,49.31570166,72.90283857,25.72856475,67.00605434,31.62534898
23/04/2025,39637.5,40359.5,39473.5,39596.5,41444.66515,41482.31565,39298.02692,43499.38047,41398.70369,38597.80132,44199.60606,37897.57573,44899.83165,34415.39236,39297.23314,39445.2693,39637.5,40359.5,39473.5,39596.5,39637.5,40359.5,39473.5,39596.5,37141.47057,49.20784592,72.85636729,25.55932455,66.94423695,31.47145489
24/04/2025,39578.5,40217.5,39222.5,40075.5,41395.76639,41470.29158,39296.39023,43509.95247,41403.17135,38594.12986,44212.21284,37891.86948,44914.47322,34426.37031,39657.8236,39581.05813,39578.5,40217.5,39222.5,40075.5,39578.5,40217.5,39222.5,40075.5,37216.83116,49.11813932,72.79673369,25.43954494,66.87708509,31.35919354
25/04/2025,40108.5,40205.5,39681.5,40101.5,41349.54259,41458.59251,39298.79135,43522.83057,41410.81096,38594.78482,44226.83711,37890.77828,44930.84365,34437.6452,39863.38995,39693.19197,40108.5,40205.5,39681.5,40101.5,40108.5,40205.5,39681.5,40101.5,37290.68454,49.04516566,72.7126483,25.37768302,66.79577764,31.29455368
28/04/2025,40061.5,40411.5,39860.5,40192.5,41308.21964,41447.77121,39305.06994,43537.88069,41421.47532,38599.60148,44243.34915,37894.13302,44948.81761,34449.21845,40015.87485,39800.77234,40061.5,40411.5,39860.5,40192.5,40061.5,40411.5,39860.5,40192.5,37363.06085,48.99016492,72.60756118,25.37276866,66.70321212,31.27711772
29/04/2025,40174.5,40630.5,40147.5,40576.5,41282.0868,41440.32444,39314.99462,43554.89056,41434.94259,38608.34529,44261.53989,37901.69597,44968.18921,34461.36882,40275.62647,39967.90979,40174.5,40630.5,40147.5,40576.5,40174.5,40630.5,40147.5,40576.5,37433.98963,48.95445986,72.49160205,25.41731767,66.6073165,31.30160322
30/04/2025,40578.5,40786.5,39717.5,40699.5,41261.28013,41433.99261,39328.279,43573.6075,41450.94325,38620.72425,44281.16226,37913.16949,44988.71701,34473.3927,40472.01766,40125.53743,40578.5,40786.5,39717.5,40699.5,40578.5,40786.5,39717.5,40699.5,37503.49984,48.94184042,72.38433064,25.4993502,66.52370809,31.35997275
01/05/2025,40705.5,41093.5,40607.5,40685.5,41240.71655,41427.59524,39344.93889,43594.08315,41469.51102,38636.74818,44302.27386,37928.55747,45010.46457,34486.19049,40570.92936,40246.18637,40705.5,41093.5,40607.5,40685.5,40705.5,41093.5,40607.5,40685.5,37571.61984,48.94762409,72.28454542,25.61070276,66.45031508,31.44493309
02/05/2025,40674.5,41387.5,40644.5,41321.5,41243.60167,41426.68844,39364.74983,43616.14592,41490.44788,38656.18382,44324.71194,37947.61781,45033.27795,34499.61487,40918.68747,40477.87229,40674.5,41387.5,40644.5,41321.5,40674.5,41387.5,40644.5,41321.5,37712.49505,48.97787818,72.22666793,25.72908843,66.41447049,31.54128587
05/05/2025,41279.5,41436.5,40987.5,41207.5,41242.31233,41424.81504,39387.52505,43639.6928,41513.60893,38678.83043,44348.38742,37970.13581,45057.08205,34513.19966,41052.50152,40635.07709,41279.5,41436.5,40987.5,41207.5,41279.5,41436.5,40987.5,41207.5,37932.99534,49.03495303,72.23835306,25.83155301,66.43750305,31.63240302
06/05/2025,41208.5,41243.5,40656.5,40718.5,41223.60475,41418.77816,39413.16986,43664.71863,41538.94424,38704.5784,44373.31009,37995.98693,45081.90155,34526.07341,40897.75028,40653.0513,41208.5,41243.5,40656.5,40718.5,41208.5,41243.5,40656.5,40718.5,38213.27572,49.11723093,72.31843643,25.91602543,66.51813506,31.71632681
07/05/2025,40732.5,41269.5,40732.5,41079.5,41218.45815,41415.87834,39441.87827,43691.50014,41566.6892,38733.60795,44399.77045,38025.33764,45108.04076,34539.23352,40981.95946,40744.93348,40732.5,41269.5,40732.5,41079.5,40732.5,41269.5,40732.5,41079.5,38471.13366,49.20336121,72.42766834,25.97905407,66.62159156,31.78513086
08/05/2025,41057.5,41776.5,41019.5,41368.5,41223.81679,41415.4734,39473.59125,43720.07145,41596.83135,38765.84455,44427.81815,38058.09785,45135.56485,34553.09775,41161.05334,40879.28645,41057.5,41776.5,41019.5,41368.5,41057.5,41776.5,41019.5,41368.5,38708.36297,49.29724562,72.55693824,26.037553,66.74201509,31.85247615
09/05/2025,41370.5,41506.5,41120.5,41269.5,41225.44833,41414.22576,39508.0017,43750.23632,41629.11901,38800.96259,44457.27542,38093.92349,45164.31453,34566.75309,41211.29938,40963.36144,41370.5,41506.5,41120.5,41269.5,41370.5,41506.5,41120.5,41269.5,39015.17667,49.40643654,72.70895836,26.10391471,66.8833279,31.92954517
12/05/2025,41758.5,42477.5,41593.5,42442.5,41268.91446,41423.01443,39545.04855,43782.02671,41663.53763,38838.88552,44488.18974,38132.7225,45194.35277,34582.14664,41781.74536,41282.05505,41758.5,42477.5,41593.5,42442.5,41758.5,42477.5,41593.5,42442.5,39291.309,49.52372085,72.87663668,26.17080503,67.03840772,32.00903399
13/05/2025,42427.5,42440.5,42106.5,42138.5,41299.97109,41429.12969,39583.95922,43814.73312,41699.34617,38878.83024,44519.8621,38173.70126,45224.99109,34597.62509,41947.03869,41466.58376,42427.5,42440.5,42106.5,42138.5,42427.5,42440.5,42106.5,42138.5,39673.65192,49.66239013,73.09126599,26.23351427,67.23404702,32.09073324
14/05/2025,42166.5,42250.5,41939.5,42020.5,41325.70426,41434.18414,39624.56685,43848.24076,41736.4038,38920.62119,44552.18641,38216.67554,45256.13206,34612.75169,41981.07515,41585.92996,42166.5,42250.5,41939.5,42020.5,42166.5,42250.5,41939.5,42020.5,40010.11369,49.8205745,73.36003142,26.28111759,67.47516719,32.16598182
15/05/2025,42014.5,42370.5,41753.5,42343.5,41362.05411,41441.95607,39666.89083,43882.6219,41774.75636,38964.26898,44585.24375,38261.64714,45287.86559,34628.02109,42148.99563,41749.15518,42014.5,42370.5,41753.5,42343.5,42014.5,42370.5,41753.5,42343.5,40306.20005,49.98641745,73.67474671,26.29808819,67.7526644,32.2201705
16/05/2025,42322.5,42647.5,42216.5,42422.5,41399.92718,41450.33679,39710.76384,43917.75892,41814.26138,39009.59799,44618.92477,38308.43214,45320.09061,34643.8122,42275.71703,41894.23334,42322.5,42647.5,42216.5,42422.5,42322.5,42647.5,42216.5,42422.5,40566.75604,50.1607103,74.02736444,26.29405616,68.06070091,32.2607197
19/05/2025,42394.5,42833.5,42229.5,42783.5,41449.34049,41461.73134,39755.76279,43953.26806,41854.51543,39056.17858,44652.85227,38356.59437,45352.43648,34659.94922,42510.98555,42085.83378,42394.5,42833.5,42229.5,42783.5,42394.5,42833.5,42229.5,42783.5,40858.0602,50.34751359,74.38368984,26.31133735,68.37464578,32.32038141
20/05/2025,42778.5,42874.5,42475.5,42645.5,41492.06047,41471.84903,39801.88959,43989.19812,41895.54386,39104.00484,44687.08287,38406.12009,45384.96763,34676.15412,42573.30945,42206.41886,42778.5,42874.5,42475.5,42645.5,42778.5,42874.5,42475.5,42645.5,41174.13057,50.54816078,74.73417294,26.36214862,68.6876699,32.40865166
21/05/2025,42634.5,42652.5,41765.5,41793.5,41502.82617,41474.59818,39849.07295,44025.51658,41937.29477,39152.99901,44721.59052,38456.92507,45417.66446,34691.12243,42212.00427,42117.45181,42634.5,42652.5,41765.5,41793.5,42634.5,42652.5,41765.5,41793.5,41480.19706,50.76170921,75.07217479,26.45124363,68.99455839,32.52886003
22/05/2025,41779.5,42092.5,41610.5,41918.5,41517.67167,41478.39221,39897.52014,44062.4543,41979.98722,39203.36444,44756.60999,38509.20875,45450.76569,34705.66233,42076.01642,42074.58586,41779.5,42092.5,41610.5,41918.5,41779.5,42092.5,41610.5,41918.5,42874.5,50.94999842,75.34562321,26.55437363,69.24671701,32.65327983
23/05/2025,41923.5,41937.5,41145.5,41573.5,41519.66553,41479.2051,39947.32952,44100.13197,42023.73074,39255.19577,44792.26571,38563.06203,45484.39946,34719.52165,41843.18802,41966.62244,41923.5,41937.5,41145.5,41573.5,41923.5,41937.5,41145.5,41573.5,42849.22,51.10827609,75.56030248,26.65624969,69.44729588,32.76925629
26/05/2025,41586.5,42104.5,41580.5,42065.5,41539.15962,41484.21617,39998.67215,44138.73292,42068.70253,39308.66202,44828.74304,38618.6519,45518.75317,34734.09111,41946.19071,41987.92649,41586.5,42104.5,41580.5,42065.5,41586.5,42104.5,41580.5,42065.5,42781.0712,51.22994493,75.72229601,26.73759386,69.59920824,32.86068163
27/05/2025,42059.5,42400.5,41873.5,42394.5,41569.70749,41491.99637,40051.24996,44177.96304,42114.6065,39363.46444,44865.74856,38675.67893,45553.53407,34749.2505,42153.90359,42075.52638,42059.5,42400.5,41873.5,42394.5,42059.5,42400.5,41873.5,42394.5,42715.64835,51.33590001,75.88903308,26.78276695,69.75074981,32.92105022
28/05/2025,42387.5,42440.5,42029.5,42121.5,41589.41437,41497.37674,40104.76752,44217.52031,42161.14391,39419.30872,44902.9791,38733.84992,45588.4379,34764.32726,42138.8902,42085.43181,42387.5,42440.5,42029.5,42121.5,42387.5,42440.5,42029.5,42121.5,42652.84242,51.43835203,76.0754011,26.80130297,69.91613883,32.96056523
29/05/2025,42104.5,42704.5,41803.5,42157.5,41609.70314,41503.01882,40159.21837,44257.40852,42208.31344,39476.18668,44940.44021,38793.15498,45623.4719,34779.42342,42147.51258,42100.95955,42104.5,42704.5,41803.5,42157.5,42104.5,42704.5,41803.5,42157.5,41145.5,51.53631899,76.25679846,26.81583951,70.07667859,32.99595938
30/05/2025,42151.5,42362.5,41880.5,42200.5,41630.80303,41508.9802,40214.59038,44297.6299,42256.11014,39534.08379,44978.13649,38853.5772,45658.64308,34794.33923,42172.06298,42122.40642,42151.5,42362.5,41880.5,42200.5,42151.5,42362.5,41880.5,42200.5,41176.68,51.63123298,76.41335883,26.84910712,70.21782737,33.04463859
02/06/2025,42113.5,42346.5,41835.5,42309.5,41655.04221,41515.82225,40270.80153,44338.13533,42304.46843,39592.91257,45016.02429,38915.0236,45693.91326,34809.25724,42235.74098,42162.71741,42113.5,42346.5,41835.5,42309.5,42113.5,42346.5,41835.5,42309.5,41207.2364,51.71828421,76.530088,26.90648042,70.32713706,33.10943137
03/06/2025,42310.5,42567.5,42047.5,42520.5,41685.95141,41524.40924,40327.8949,44378.98113,42353.43802,39652.71386,45054.16217,38977.53282,45729.34321,34824.57959,42367.67694,42239.80486,42310.5,42567.5,42047.5,42520.5,42310.5,42567.5,42047.5,42520.5,41237.18167,51.7992762,76.62447269,26.97407972,70.41817357,33.18037884
04/06/2025,42519.5,42642.5,42401.5,42410.5,41711.82815,41531.98266,40385.88667,44420.18176,42403.03421,39713.50415,45092.56428,39041.12164,45764.94679,34840.08618,42387.51793,42276.58265,42519.5,42642.5,42401.5,42410.5,42519.5,42642.5,42401.5,42410.5,41266.52804,51.88706635,76.7254831,27.04864961,70.51587891,33.25825379
05/06/2025,42405.5,42660.5,42199.5,42340.5,41734.28071,41538.89307,40444.6671,44461.61774,42453.14242,39775.17533,45131.10952,39105.68356,45800.60129,34855.38998,42365.73335,42290.35421,42405.5,42660.5,42199.5,42340.5,42405.5,42660.5,42199.5,42340.5,41295.28748,51.98553455,76.8372245,27.13384459,70.62430201,33.34676708
06/06/2025,42309.5,42922.5,42284.5,42774.5,41771.4314,41549.45381,40504.34667,44503.38236,42503.86452,39837.84073,45169.88831,39171.33478,45836.39426,34871.1898,42555.12514,42394.66775,42309.5,42922.5,42284.5,42774.5,42309.5,42922.5,42284.5,42774.5,41323.47173,52.08432318,76.94724847,27.22139788,70.73151715,33.43712921
09/06/2025,42776.5,42880.5,42546.5,42755.5,41806.57671,41559.7619,40564.97328,44545.51322,42555.24325,39901.54996,45208.93655,39238.12663,45872.35987,34887.09326,42647.96381,42472.41228,42776.5,42880.5,42546.5,42755.5,42776.5,42880.5,42546.5,42755.5,41387.43286,52.1953178,77.07754507,27.31309053,70.85698825,33.53364735
10/06/2025,42761.5,42920.5,42628.5,42835.5,41843.32397,41570.66564,40626.4705,44587.9241,42607.1973,39966.22824,45248.16636,39305.98597,45908.40863,34903.10083,42734.85401,42550.64277,42761.5,42920.5,42628.5,42835.5,42761.5,42920.5,42628.5,42835.5,41448.83554,52.31943148,77.23245317,27.4064098,71.00419775,33.63466522
11/06/2025,42840.5,43116.5,42714.5,42855.5,41879.47311,41581.64713,40688.99286,44630.76064,42659.87675,40032.03157,45287.72193,39375.07027,45944.68323,34919.27978,42790.75231,42616.32698,42840.5,43116.5,42714.5,42855.5,42840.5,43116.5,42714.5,42855.5,41507.78212,52.45750029,77.41497221,27.50002836,71.17560423,33.73939634
12/06/2025,42837.5,42964.5,42552.5,42909.5,41916.25979,41592.9963,40752.58317,44674.05804,42713.32061,40099.00402,45327.63719,39445.42488,45981.21634,34935.25054,42845.77108,42679.49372,42837.5,42964.5,42552.5,42909.5,42837.5,42964.5,42552.5,42909.5,41604.3052,52.61118996,77.61927417,27.60310574,71.36725312,33.85512679
13/06/2025,42910.5,42913.5,42057.5,42143.5,41924.37551,41597.70146,40817.30205,44717.86786,42767.58496,40167.20775,45367.96217,39517.11345,46018.05647,34950.30367,42520.39136,42564.00909,42910.5,42913.5,42057.5,42143.5,42910.5,42913.5,42057.5,42143.5,41695.03688,52.76605664,77.8201803,27.71193298,71.55664938,33.97546389
16/06/2025,41958.5,42719.5,41940.5,42533.5,41946.12996,41605.69974,40883.35902,44762.38456,42822.87179,40236.85477,45408.88881,39590.35051,46055.39307,34965.37964,42526.46492,42557.43564,41958.5,42719.5,41940.5,42533.5,41958.5,42719.5,41940.5,42533.5,41780.32467,52.88742989,77.96953583,27.80532394,71.69900934,34.07585043
17/06/2025,42540.5,42551.5,42121.5,42204.5,41955.35746,41610.81769,40950.56901,44807.39892,42878.98397,40307.76403,45450.20391,39664.95904,46093.00889,34980.21187,42377.29054,42481.3925,42540.5,42551.5,42121.5,42204.5,42540.5,42551.5,42121.5,42204.5,41860.49519,52.98109821,78.07892547,27.88327096,71.80446865,34.15772778
18/06/2025,42174.5,42507.5,42072.5,42174.5,41963.18398,41615.63549,41018.91801,44852.85929,42935.88865,40379.9278,45491.8495,39740.93759,46130.83971,34994.93108,42283.33262,42415.26977,42174.5,42507.5,42072.5,42174.5,42174.5,42507.5,42072.5,42174.5,41935.85548,53.04423382,78.15020306,27.93826459,71.87371075,34.2147569
19/06/2025,42167.5,42177.5,41737.5,41773.5,41956.40955,41616.98476,41088.46849,44898.78716,42993.62782,40453.41537,45533.84027,39818.36226,46168.89338,35008.90119,42047.11444,42276.99475,42167.5,42177.5,41737.5,41773.5,42167.5,42177.5,41737.5,41773.5,43116.5,53.07788609,78.17903368,27.9767385,71.90374678,34.2520254
20/06/2025,41842.5,42415.5,41835.5,42229.5,41966.16278,41622.21993,41159.61866,44945.53231,43052.57548,40528.63305,45576.51792,39897.64744,46207.50352,35023.37744,42131.61822,42266.76158,41842.5,42415.5,41835.5,42229.5,41842.5,42415.5,41835.5,42229.5,43088.92,53.07239383,78.16519682,27.97959084,71.89199607,34.25279159
23/06/2025,41887.5,42620.5,41838.5,42606.5,41989.03197,41630.63258,41231.79757,44992.50425,43112.15091,40605.01312,45619.2887,39978.22868,46246.07314,35038.21911,42351.6428,42339.96126,41887.5,42620.5,41838.5,42606.5,41887.5,42620.5,41838.5,42606.5,43061.8916,53.05530051,78.14970138,27.96089964,71.87610116,34.23449986
24/06/2025,42586.5,43195.5,42579.5,43082.5,42028.0844,41643.04171,41304.1869,45039.0207,43171.6038,40681.7146,45661.493,40059.24231,46283.9653,35054.23993,42690.26718,42499.94786,42586.5,43195.5,42579.5,43082.5,42586.5,43195.5,42579.5,43082.5,41737.5,53.04009594,78.13633359,27.9438583,71.86227418,34.21791771
25/06/2025,43064.5,43134.5,42838.5,42961.5,42061.42067,41654.31058,41376.00916,45084.5688,43230.28898,40757.91589,45702.66208,40139.82261,46320.75535,35070.28026,42815.93612,42599.39338,43064.5,43134.5,42838.5,42961.5,43064.5,43134.5,42838.5,42961.5,41766.66,53.04724825,78.15444179,27.94005471,71.8776434,34.2168531
26/06/2025,42965.5,43451.5,42956.5,43424.5,42110.10207,41669.4404,41447.12017,45129.24953,43288.18485,40833.43195,45742.93775,40219.74372,46356.62598,35086.89407,43097.89895,42777.16997,42965.5,43451.5,42956.5,43424.5,42965.5,43451.5,42956.5,43424.5,41795.2368,53.07491865,78.19696792,27.95286937,71.9164556,34.23338169
27/06/2025,43432.5,43973.5,43418.5,43912.5,42174.47343,41688.61185,41517.87333,45173.4848,43345.67906,40908.60475,45782.75338,40299.33617,46392.02196,35104.4675,43475.32395,43021.78696,43432.5,43973.5,43418.5,43912.5,43432.5,43973.5,43418.5,43912.5,41861.48733,53.12727228,78.27852452,27.97602004,71.99071146,34.2638331
30/06/2025,43925.5,44130.5,43876.5,44031.5,42240.79581,41708.63654,41587.99089,45217.03336,43402.51212,40983.15048,45821.87377,40378.31006,46426.71418,35122.50062,43733.01419,43239.33865,43925.5,44130.5,43876.5,44031.5,43925.5,44130.5,43876.5,44031.5,41988.20809,53.20804999,78.41124243,28.00485755,72.11044432,34.30565566
01/07/2025,44034.5,44617.5,43972.5,44518.5,42322.14238,41732.65247,41657.37548,45259.80193,43458.58871,41056.97107,45860.20634,40456.56666,46460.61075,35141.21925,44096.94937,43514.94538,44034.5,44617.5,43972.5,44518.5,44034.5,44617.5,43972.5,44518.5,42159.59144,53.31626906,78.58931875,28.04321938,72.27105633,34.3614818
02/07/2025,44486.5,44648.5,44324.5,44482.5,42399.29801,41756.15544,41725.95991,45301.6737,43513.8168,41130.00761,45897.626,40534.05531,46493.5783,35160.13412,44275.5846,43723.41366,44486.5,44648.5,44324.5,44482.5,44486.5,44648.5,44324.5,44482.5,42405.3823,53.45133078,78.81034959,28.09231198,72.47059489,34.43206668
03/07/2025,44468.5,44866.5,44438.5,44798.5,42484.9838,41782.15838,41793.79229,45342.63956,43568.21592,41202.31774,45934.1141,40610.8432,46525.58865,35179.44795,44517.86436,43955.05061,44468.5,44866.5,44438.5,44798.5,44468.5,44866.5,44438.5,44798.5,42674.55642,53.6108751,79.06923009,28.15252011,72.70464134,34.51710885
04/07/2025,44776.5,44788.5,44496.5,44546.5,42558.60938,41805.78523,41860.58422,45382.39771,43621.49096,41273.6153,45969.36663,40686.64638,46556.33555,35198.53915,44531.13196,44082.48366,44776.5,44788.5,44496.5,44546.5,44776.5,44788.5,44496.5,44546.5,42981.42852,53.79330495,79.359558,28.2270519,72.96799474,34.61861516
07/07/2025,44698.5,44835.5,44126.5,44275.5,42619.9269,41826.89391,41926.25559,45420.90639,43673.58099,41343.8138,46003.34819,40761.372,46585.78999,35217.19089,44412.6913,44124.07075,44698.5,44835.5,44126.5,44275.5,44698.5,44835.5,44126.5,44275.5,43245.33853,53.98816871,79.66563909,28.31069833,73.2462715,34.73006592
08/07/2025,44296.5,44440.5,44196.5,44238.5,42677.73308,41847.50592,41990.49274,45458.05018,43724.27146,41412.56651,46035.97641,40834.64027,46613.90265,35235.56061,44331.98412,44148.72555,44296.5,44440.5,44196.5,44238.5,44296.5,44440.5,44196.5,44238.5,43472.30114,54.17805091,79.95705056,28.39905126,73.51230065,34.84380117
09/07/2025,44231.5,44560.5,44151.5,44471.5,42741.79619,41869.93322,42053.51794,45494.20845,43773.8632,41480.06952,46067.65687,40906.6211,46641.10529,35254.10098,44396.62531,44218.27019,44231.5,44560.5,44151.5,44471.5,44231.5,44560.5,44151.5,44471.5,43667.48898,54.35466874,80.21810911,28.49122838,73.75224902,34.95708847
10/07/2025,44440.5,44770.5,44294.5,44595.5,42807.99989,41893.22867,42115.50028,45529.59184,43822.54606,41546.48502,46098.6071,40977.46976,46667.62237,35272.92567,44488.76892,44299.54772,44440.5,44770.5,44294.5,44595.5,44440.5,44770.5,44294.5,44595.5,43835.35052,54.52372102,80.4659322,28.58150984,73.98037941,35.06706264
11/07/2025,44607.5,44673.5,44242.5,44289.5,42860.91061,41913.70962,42176.25056,45564.03561,43870.14309,41611.61972,46128.66646,41046.98887,46693.2973,35291.40524,44396.44265,44297.38285,44607.5,44673.5,44242.5,44289.5,44607.5,44673.5,44242.5,44289.5,43979.71145,54.69205307,80.71277251,28.67133363,74.20759265,35.17651349
14/07/2025,44197.5,44462.5,44081.5,44432.5,42917.0388,41935.23774,42235.97018,45597.769,43916.86959,41675.67037,46158.0688,41115.37057,46718.36861,35309.69288,44413.14892,44326.49504,44197.5,44462.5,44081.5,44432.5,44197.5,44462.5,44081.5,44432.5,44866.5,54.84666295,80.93909206,28.75423383,74.41598478,35.27734111
15/07/2025,44408.5,44595.5,43950.5,43957.5,42954.19813,41952.52203,42294.78817,45630.95365,43962.87091,41738.76059,46186.98122,41182.73302,46743.0088,35327.62434,44202.0354,44246.99177,44408.5,44595.5,43950.5,43957.5,44408.5,44595.5,43950.5,43957.5,44850.8,54.98290233,81.13612468,28.82967998,74.5978191,35.36798557
16/07/2025,43962.5,44254.5,43748.5,44190.5,42998.35177,41971.65005,42352.88866,45663.79068,44008.33967,41801.07166,46215.60768,41249.25465,46767.42469,35345.31032,44196.69076,44234.82011,43962.5,44254.5,43748.5,44190.5,43962.5,44254.5,43748.5,44190.5,44814.788,55.09162602,81.27922842,28.90402361,74.73232782,35.45092421
17/07/2025,44192.5,44548.5,44128.5,44500.5,43051.99992,41993.26415,42410.32792,45696.36244,44053.34518,41862.6555,46244.03486,41314.98308,46791.70728,35363.62447,44337.45317,44292.06322,44192.5,44548.5,44128.5,44500.5,44192.5,44548.5,44128.5,44500.5,44750.81072,55.16961432,81.37530329,28.96392534,74.82388105,35.51534759
18/07/2025,44496.5,44636.5,44201.5,44309.5,43096.91064,42013.06104,42467.06488,45728.62382,44097.84435,41923.47173,46272.21698,41379.87857,46815.81013,35381.88131,44324.50177,44295.82013,44496.5,44636.5,44201.5,44309.5,44496.5,44636.5,44201.5,44309.5,44690.67208,55.24339024,81.47307687,29.0137036,74.91565521,35.57112526
21/07/2025,44313.5,44600.5,44309.5,44380.5,43142.75312,42033.29556,42523.32597,45760.78146,44142.05372,41983.75006,46300.35738,41444.17415,46839.93329,35400.19767,44350.44715,44314.06516,44313.5,44600.5,44309.5,44380.5,44313.5,44600.5,44309.5,44380.5,44636.5,55.31252579,81.56851879,29.05653279,75.00452054,35.62053104
22/07/2025,44385.5,44538.5,44213.5,44533.5,43192.42265,42054.66483,42579.09035,45792.78481,44185.93758,42043.4746,46328.40055,41507.85886,46864.01629,35418.47359,44435.2601,44361.34436,44385.5,44538.5,44213.5,44533.5,44385.5,44538.5,44213.5,44533.5,44636.5,55.38057206,81.6624003,29.09874381,75.09194324,35.66920087
23/07/2025,44535.5,45024.5,44509.5,44896.5,43253.28255,42078.95402,42634.24336,45824.51157,44229.37747,42102.532,46356.22293,41570.82063,46887.9343,35437.48511,44648.96406,44476.64842,44535.5,45024.5,44509.5,44896.5,44535.5,45024.5,44509.5,44896.5,43748.5,55.44737725,81.74979428,29.14496022,75.17419002,35.72056448
24/07/2025,44909.5,44922.5,44656.5,44724.5,43305.82603,42101.56552,42688.60083,45855.74948,44272.17515,42160.74272,46383.60759,41632.88461,46911.46569,35456.37246,44683.96175,44530.05025,44909.5,44922.5,44656.5,44724.5,44909.5,44922.5,44656.5,44724.5,43774.02,55.5315722,81.85591287,29.20723154,75.2748277,35.78831671
25/07/2025,44739.5,44928.5,44622.5,44884.5,43362.20725,42125.35129,42742.2637,45886.54677,44314.40523,42218.21652,46410.59395,41694.16934,46934.64113,35475.31064,44776.87612,44606.41961,44739.5,44928.5,44622.5,44884.5,44739.5,44928.5,44622.5,44884.5,43799.0296,55.62614208,81.97793096,29.2743532,75.38998374,35.86230042
28/07/2025,45064.5,45126.5,44727.5,44823.5,43414.39627,42148.41239,42794.94453,45916.56831,44355.75642,42274.6739,46436.83894,41754.40327,46957.10957,35494.37377,44798.47813,44653.19152,45064.5,45126.5,44727.5,44823.5,45064.5,45126.5,44727.5,44823.5,43823.53901,55.73173324,82.11996708,29.34349941,75.52290862,35.94055787
29/07/2025,44831.5,44941.5,44559.5,44598.5,43456.68569,42169.35331,42847.01907,45946.12617,44396.57262,42330.50122,46462.64402,41813.98337,46979.16187,35513.00831,44705.82327,44641.40774,44831.5,44941.5,44559.5,44598.5,44831.5,44941.5,44559.5,44598.5,43875.65745,55.85041632,82.27363097,29.42720166,75.66782731,36.03300532
30/07/2025,44607.5,44739.5,44251.5,44490.5,43493.60763,42189.19217,42898.68206,45975.36521,44437.02364,42385.90153,46488.14574,41873.12101,47000.92627,35531.18812,44606.05863,44608.89332,44607.5,44739.5,44251.5,44490.5,44607.5,44739.5,44251.5,44490.5,43925.69115,55.95612519,82.3881731,29.52407727,75.78016112,36.13208925
31/07/2025,44533.5,44692.5,44048.5,44106.5,43515.49664,42205.57941,42950.11667,46004.43286,44477.27477,42441.06397,46513.48556,41932.01128,47022.53826,35548.90332,44374.60065,44500.6482,44533.5,44692.5,44048.5,44106.5,44533.5,44692.5,44048.5,44106.5,43973.7235,56.03403807,82.43702402,29.63105211,75.83627753,36.2317986
01/08/2025,44130.5,44162.5,43301.5,43544.5,43516.53248,42217.02318,43001.42045,46033.38914,44517.40479,42496.09233,46538.71726,41990.76422,47044.04537,35565.34178,43989.9943,44294.63753,44130.5,44162.5,43301.5,43544.5,44130.5,44162.5,43301.5,43544.5,45126.5,56.07641286,82.41181097,29.74101476,75.82796144,36.32486429
04/08/2025,43550.5,44258.5,43499.5,44258.5,43543.03132,42234.4717,43053.09555,46062.68439,44557.88997,42551.49741,46564.28254,42049.89927,47065.88068,35582.42712,44114.39969,44286.85138,43550.5,44258.5,43499.5,44258.5,43550.5,44258.5,43499.5,44258.5,45090,56.07284176,82.31936726,29.82631627,75.75773588,36.38794764
05/08/2025,44267.5,44298.5,43908.5,44129.5,43563.97663,42250.66852,43105.18697,46092.32036,44598.75366,42607.3314,46590.17592,42109.47584,47088.03149,35599.6938,44121.39604,44252.94862,44267.5,44298.5,43908.5,44129.5,44267.5,44298.5,43908.5,44129.5,45054.23,56.0499018,82.21517707,29.88462653,75.67385825,36.42594534
06/08/2025,44142.5,44360.5,44003.5,44194.5,43586.49532,42267.28247,43157.77347,46122.34609,44640.05978,42663.67803,46616.44153,42169.5826,47110.53696,35617.07532,44155.26693,44240.35534,44142.5,44360.5,44003.5,44194.5,44142.5,44360.5,44003.5,44194.5,45019.1754,56.01552978,82.12624666,29.90481291,75.59856744,36.43249213
07/08/2025,44174.5,44493.5,43781.5,43999.5,43601.24549,42282.08775,43210.5327,46152.4294,44681.48105,42720.21658,46642.74552,42229.90046,47133.06163,35634.23003,44083.09622,44188.46091,44174.5,44493.5,43781.5,43999.5,44174.5,44493.5,43781.5,43999.5,44984.82189,55.97524218,82.06539945,29.8850849,75.54286013,36.40762422
08/08/2025,44010.5,44267.5,43967.5,44232.5,43623.79029,42298.75794,43263.45952,46182.55954,44723.00953,42776.94285,46669.07621,42290.42618,47155.59288,35651.48024,44152.31872,44197.94953,44010.5,44267.5,43967.5,44232.5,44010.5,44267.5,43967.5,44232.5,44951.15545,55.92487924,82.01822151,29.83153697,75.49488594,36.35487253
11/08/2025,44224.5,44308.5,43898.5,43961.5,43635.85135,42312.96941,43316.53365,46212.7458,44764.63972,42833.83162,46695.44783,42351.1296,47178.14985,35668.49377,44063.90765,44147.00436,44224.5,44308.5,43898.5,43961.5,44224.5,44308.5,43898.5,43961.5,44918.16235,55.8703664,81.97238191,29.76835088,75.44687803,36.29385476
12/08/2025,43973.5,44504.5,43928.5,44450.5,43664.94595,42331.2389,43370.07359,46243.33214,44806.70287,42891.19717,46722.20856,42412.32075,47201.08498,35685.95532,44243.02553,44212.39521,43973.5,44504.5,43928.5,44450.5,43973.5,44504.5,43928.5,44450.5,44885.8291,55.80590587,81.8708982,29.74091354,75.35465012,36.25716162
13/08/2025,44452.5,44958.5,44394.5,44903.5,43709.18002,42353.22404,43424.07497,46274.3507,44849.21284,42949.02902,46749.39666,42473.98306,47224.44261,35704.30798,44549.03984,44361.2999,44452.5,44958.5,44394.5,44903.5,44452.5,44958.5,44394.5,44903.5,43301.5,55.7500205,81.71769417,29.78234684,75.22577575,36.27426525
14/08/2025,44919.5,45036.5,44666.5,45024.5,43756.15573,42376.05545,43478.19658,46305.50249,44891.84953,43006.97893,46776.72014,42535.76127,47247.93779,35722.94129,44769.3324,44504.19228,44919.5,45036.5,44666.5,45024.5,44919.5,45036.5,44666.5,45024.5,43334.64,55.71926218,81.55507178,29.88345258,75.09611938,36.34240498
15/08/2025,45031.5,45259.5,44873.5,44902.5,43797.0966,42397.649,43532.31211,46336.69979,44934.50595,43064.91417,46804.09773,42597.51622,47271.49568,35741.74472,44831.03227,44590.01124,45031.5,45259.5,44873.5,44902.5,45031.5,45259.5,44873.5,44902.5,43402.7144,55.71466745,81.42760561,30.0017293,74.99937107,36.42996384
18/08/2025,44934.5,45022.5,44807.5,44891.5,43836.18244,42418.96396,43586.26979,46367.82795,44977.04887,43122.67676,46831.42098,42659.08373,47295.01401,35760.2982,44859.04848,44654.96968,44934.5,45022.5,44807.5,44891.5,44934.5,45022.5,44807.5,44891.5,43514.12154,55.73570814,81.39046887,30.08094742,74.97677868,36.4946376
19/08/2025,44910.5,45197.5,44750.5,44935.5,43875.44378,42440.47282,43640.07804,46398.931,45019.50452,43180.26921,46858.73982,42720.46039,47318.54865,35778.92344,44894.47038,44715.41244,44910.5,45197.5,44750.5,44935.5,44910.5,45197.5,44750.5,44935.5,43618.84424,55.76973642,81.44740585,30.092067,75.02798849,36.51148435
20/08/2025,44952.5,45033.5,44742.5,44922.5,43912.83864,42461.68673,43693.66919,46429.95935,45061.81427,43237.62083,46886.00771,42781.57247,47342.05607,35797.38615,44907.4572,44760.03131,44952.5,45033.5,44742.5,44922.5,44952.5,45033.5,44742.5,44922.5,43717.28359,55.81740219,81.56996926,30.06483512,75.13182749,36.50297688
21/08/2025,44927.5,44945.5,44558.5,44803.5,43944.64798,42481.70222,43747.15595,46461.04669,45104.10132,43294.84083,46913.36182,42842.5257,47365.67694,35815.54765,44859.29124,44769.39702,44927.5,44945.5,44558.5,44803.5,44927.5,44945.5,44558.5,44803.5,43809.81657,55.87030122,81.69686454,30.0437379,75.24022371,36.50037873
22/08/2025,44801.5,45751.5,44660.5,45637.5,44005.10698,42508.67485,43800.51449,46492.18776,45146.35113,43351.90228,46940.79998,42903.29007,47389.41219,35834.84782,45219.85478,44956.43756,44801.5,45751.5,44660.5,45637.5,44801.5,45751.5,44660.5,45637.5,43896.79758,55.91465053,81.78988782,30.03941324,75.3210785,36.50822256
25/08/2025,45648.5,45657.5,45251.5,45307.5,44051.62101,42532.59644,43853.39043,46523.02797,45188.2092,43408.45084,46967.96756,42963.51125,47412.90716,35854.22161,45260.463,45032.0771,45648.5,45657.5,45251.5,45307.5,45648.5,45657.5,45251.5,45307.5,44045.17377,55.97591349,81.89156343,30.06026354,75.41265094,36.53917603
26/08/2025,45320.5,45457.5,45106.5,45457.5,44101.83098,42557.59561,43905.88753,46553.67974,45229.78364,43464.58883,46994.97844,43023.29013,47436.27714,35873.4246,45351.75516,45123.73826,45320.5,45457.5,45106.5,45457.5,45320.5,45457.5,45106.5,45457.5,44181.67987,56.05349861,82.0180934,30.08890381,75.5269447,36.58005251
27/08/2025,45442.5,45626.5,45376.5,45584.5,44154.78344,42583.46659,43958.23503,46584.39098,45271.313,43520.54237,47022.08364,43082.84971,47459.7763,35892.97064,45459.59165,45223.01349,45442.5,45626.5,45376.5,45584.5,45442.5,45626.5,45376.5,45584.5,44307.26548,56.13927909,82.17514078,30.10341739,75.66617536,36.61238282
28/08/2025,45570.5,45730.5,45431.5,45592.5,44206.13046,42609.18482,44010.47687,46615.23343,45312.85515,43576.35078,47049.35952,43142.22469,47483.48562,35912.5898,45521.17141,45302.62265,45570.5,45730.5,45431.5,45592.5,45570.5,45730.5,45431.5,45592.5,44422.80424,56.23835012,82.37274943,30.10395081,75.8391496,36.63755064
29/08/2025,45560.5,45599.5,45345.5,45546.5,44254.0008,42634.29008,44062.39054,46645.99811,45354.19433,43631.78928,47076.59937,43201.18802,47507.20063,35931.99177,45532.90678,45355.16821,45560.5,45599.5,45345.5,45546.5,45560.5,45599.5,45345.5,45546.5,44529.0999,56.3507699,82.61133505,30.09020475,76.04619376,36.65534604
01/09/2025,45594.5,45683.5,45463.5,45572.5,44301.09006,42659.40299,44113.68733,46676.42573,45395.05653,43686.56426,47103.5488,43259.44119,47530.67186,35951.50832,45551.2513,45401.99428,45594.5,45683.5,45463.5,45572.5,45594.5,45683.5,45463.5,45572.5,44626.89191,56.46449996,82.86964083,30.05935908,76.26835561,36.6606443
02/09/2025,45549.5,45567.5,44923.5,45240.5,44334.64042,42681.46365,44164.17512,46706.35887,45435.267,43740.47783,47130.05617,43316.78054,47553.75346,35970.3187,45407.27247,45367.1989,45549.5,45567.5,44923.5,45240.5,45549.5,45567.5,44923.5,45240.5,44716.86056,56.58299138,83.1273632,30.03861956,76.49127025,36.67471251
03/09/2025,45264.5,45310.5,44968.5,45206.5,44365.77826,42703.04515,44213.81861,46735.81786,45474.81824,43793.48541,47156.15107,43373.1522,47576.48428,35988.925,45314.24957,45332.57488,45264.5,45310.5,44968.5,45206.5,45264.5,45310.5,44968.5,45206.5,44799.63171,56.67612823,83.32053213,30.03172434,76.65943115,36.69282531
04/09/2025,45167.5,45639.5,45147.5,45620.5,44410.58975,42727.98067,44262.59647,46764.84937,45513.72292,43845.55433,47181.89151,43428.51218,47598.93366,36008.11577,45456.14304,45394.61092,45167.5,45639.5,45147.5,45620.5,45167.5,45639.5,45147.5,45620.5,44875.78118,56.7417036,83.44315304,30.04025416,76.76779068,36.71561652
05/09/2025,45593.5,45757.5,45184.5,45393.5,44445.69369,42750.76288,44310.12661,46793.18446,45551.65554,43896.28364,47207.02744,43482.44066,47620.87041,36027.21912,45427.11896,45394.37156,45593.5,45757.5,45184.5,45393.5,45593.5,45757.5,45184.5,45393.5,44945.83868,56.80338499,83.53344894,30.07332105,76.85093295,36.75583704
08/09/2025,45402.5,45537.5,45268.5,45532.5,44484.5082,42774.53841,44356.48555,46821.00602,45588.74579,43945.73213,47231.75944,43534.97872,47642.51285,36046.28581,45475.94462,45424.13257,45402.5,45537.5,45268.5,45532.5,45402.5,45537.5,45268.5,45532.5,45027.00481,56.85960354,83.5985982,30.12060888,76.91384953,36.80535754
09/09/2025,45534.5,45759.5,45422.5,45651.5,44526.18648,42799.12783,44401.76979,46848.47583,45625.12281,43993.98545,47256.26017,43586.20111,47664.04451,36065.64792,45557.28381,45473.12091,45534.5,45759.5,45422.5,45651.5,45534.5,45759.5,45422.5,45651.5,45100.05433,56.91096868,83.64680496,30.1751324,76.96284589,36.85909147
10/09/2025,45631.5,45786.5,45368.5,45475.5,44560.09053,42822.0028,44446.23944,46875.83053,45661.03499,44041.30759,47280.76238,43636.37574,47685.69423,36084.83385,45519.39133,45473.63351,45631.5,45786.5,45368.5,45475.5,45631.5,45786.5,45368.5,45475.5,45179.18781,56.96868748,83.69261533,30.24475964,77.01163337,36.9257416
11/09/2025,45468.5,46136.5,45468.5,46101.5,44615.14087,42850.03269,44490.11826,46903.2792,45696.69873,44087.92477,47305.47269,43685.73128,47707.66618,36104.707,45789.09681,45608.91295,45468.5,46136.5,45468.5,46101.5,45468.5,46136.5,45468.5,46101.5,45264.21152,57.02401116,83.73377728,30.31424503,77.05633575,36.99168656
12/09/2025,46121.5,46124.5,45795.5,45819.5,44658.15369,42875.41276,44533.28491,46930.71002,45731.99747,44133.71406,47330.28087,43734.14321,47729.85172,36124.56218,45803.18336,45654.28581,46121.5,46124.5,45795.5,45819.5,46121.5,46124.5,45795.5,45819.5,45368.5,57.09411355,83.80550566,30.38272144,77.12765763,37.06056947
15/09/2025,45821.5,45971.5,45757.5,45845.5,44700.55892,42900.79812,44575.95687,46958.3368,45767.14683,44178.89355,47355.40012,43781.83022,47752.46344,36144.26583,45822.78972,45695.48461,45821.5,45971.5,45757.5,45845.5,45821.5,45971.5,45757.5,45845.5,45468.5,57.17767558,83.90342704,30.45192412,77.22198918,37.13336198
16/09/2025,45848.5,45959.5,45648.5,45771.5,44738.80682,42925.33403,44618.19401,46986.21469,45802.20435,44223.5239,47380.88481,43828.85379,47775.55492,36163.79802,45799.02591,45711.86281,45848.5,45959.5,45648.5,45771.5,45848.5,45959.5,45648.5,45771.5,45575.38,57.26588955,84.01318835,30.51859075,77.32636365,37.20541545
17/09/2025,45776.5,46272.5,45676.5,46028.5,44784.86729,42951.85682,44660.15374,47014.5072,45837.33047,44267.76149,47406.89944,43875.36925,47799.29169,36183.69418,45905.34698,45780.08512,45776.5,46272.5,45676.5,46028.5,45776.5,46272.5,45676.5,46028.5,45648.5,57.34961389,84.12616089,30.57306689,77.43202414,37.26720364
18/09/2025,46026.5,46365.5,45943.5,46196.5,44835.28274,42979.58881,44701.85853,47043.2434,45872.55096,44311.62772,47433.47421,43921.39691,47823.70502,36203.90634,46040.24544,45869.80542,46026.5,46365.5,45943.5,46196.5,46026.5,46365.5,45943.5,46196.5,45648.5,57.44110345,84.27294144,30.60926547,77.56498194,37.31722496
19/09/2025,46188.5,46375.5,46035.5,46258.5,44886.11193,43007.61369,44743.29373,47072.39388,45907.8438,44355.11037,47460.57723,43966.92701,47848.76059,36224.18824,46141.36823,45953.55314,46188.5,46375.5,46035.5,46258.5,46188.5,46375.5,46035.5,46258.5,45676.5,57.54604075,84.47468791,30.61739359,77.74252612,37.34955538
22/09/2025,46258.5,46435.5,46013.5,46356.5,44938.62579,43036.23665,44784.43436,47101.89831,45943.16634,44398.19037,47488.1423,44011.94638,47874.38629,36244.52085,46241.04415,46040.37163,46258.5,46435.5,46013.5,46356.5,46258.5,46435.5,46013.5,46356.5,45816.3,57.66458638,84.73579609,30.59337667,77.96799366,37.3611791
23/09/2025,46365.5,46718.5,46209.5,46312.5,44987.69272,43064.2389,44825.18633,47131.56386,45978.3751,44440.79008,47515.96011,44056.39383,47900.35637,36265.10583,46274.15143,46099.00412,46365.5,46718.5,46209.5,46312.5,46365.5,46718.5,46209.5,46312.5,45940.14,57.79662827,85.05584499,30.53741155,78.24104081,37.35221573
24/09/2025,46319.5,46455.5,46081.5,46152.5,45029.29298,43090.6343,44865.42071,47161.17125,46013.29598,44482.79562,47543.79634,44100.17053,47926.42143,36285.27734,46217.78728,46110.53028,46319.5,46455.5,46081.5,46152.5,46319.5,46455.5,46081.5,46152.5,46718.5,57.94460354,85.37918888,30.5100182,78.52054254,37.36866454
25/09/2025,46161.5,46217.5,45777.5,45956.5,45062.40752,43115.12888,44905.39168,47190.93835,46048.16501,44524.46724,47571.86279,44143.54279,47952.78724,36304.91005,46096.72636,46077.34309,46161.5,46217.5,45777.5,45956.5,46161.5,46217.5,45777.5,45956.5,46718.5,58.08122234,85.61573704,30.54670765,78.73210836,37.43033633
26/09/2025,45968.5,46352.5,45922.5,46247.5,45104.73225,43141.90128,44945.49944,47221.25196,46083.3757,44566.20735,47600.54405,44186.91527,47979.83614,36324.8883,46166.58355,46114.00491,45968.5,46352.5,45922.5,46247.5,45968.5,46352.5,45922.5,46247.5,46680.86,58.1872185,85.7151722,30.65926479,78.83318377,37.54125322
29/09/2025,46271.5,46483.5,46139.5,46284.5,45146.86681,43168.7611,44985.60954,47251.96159,46118.78556,44607.8842,47629.68693,44230.15886,48007.41227,36345.0859,46221.21719,46150.7396,46271.5,46483.5,46139.5,46284.5,46271.5,46483.5,46139.5,46284.5,46644.7256,58.27960297,85.7033596,30.85584633,78.84742044,37.71178549
30/09/2025,46284.5,46421.5,46094.5,46303.5,45188.17514,43195.55374,45025.59679,47282.91935,46154.25807,44649.37636,47659.13978,44273.15594,48035.36021,36365.18323,46259.34087,46183.65319,46284.5,46421.5,46094.5,46303.5,46284.5,46421.5,46094.5,46303.5,46610.03658,58.36711043,85.61940295,31.1148179,78.80632982,37.92789103
01/10/2025,46324.5,46526.5,46046.5,46406.5,45231.68674,43222.99772,45065.33371,47313.97637,46189.65504,44690.55993,47688.75015,44315.78615,48063.52393,36385.34783,46327.52337,46231.66753,46324.5,46526.5,46046.5,46406.5,46324.5,46526.5,46046.5,46406.5,46576.73511,58.44728874,85.48554035,31.40903713,78.72597745,38.16860003
02/10/2025,46427.5,46586.5,46265.5,46521.5,45277.7515,43251.19005,45104.72587,47345.0111,46224.86848,44731.345,47718.39197,44357.96413,48091.77284,36405.73748,46417.39758,46294.11452,46427.5,46586.5,46265.5,46521.5,46427.5,46586.5,46265.5,46521.5,45777.5,58.52455761,85.32820827,31.72090695,78.6272956,38.42181961
03/10/2025,46528.5,47052.5,46488.5,46770.5,45331.06395,43281.26962,45143.80391,47376.02705,46259.91548,44771.76673,47748.06424,44399.72954,48120.10143,36426.71878,46580.99874,46396.75602,46528.5,47052.5,46488.5,46770.5,46528.5,47052.5,46488.5,46770.5,45793.68,58.60715196,85.19124165,32.02306226,78.54521923,38.66908469
06/10/2025,46793.5,46886.5,46418.5,46690.5,45379.61524,43310.40834,45182.3886,47406.8125,46294.60055,44811.65128,47777.54982,44440.91397,48148.28714,36447.44438,46631.73341,46460.04578,46793.5,46886.5,46418.5,46690.5,46793.5,46886.5,46418.5,46690.5,45844.0328,58.70545044,85.10489615,32.30600474,78.50503472,38.90586617
07/10/2025,46696.5,46870.5,46436.5,46616.5,45423.78969,43338.66554,45220.65258,47437.52229,46329.08744,44851.1743,47807.00058,44481.69602,48176.47886,36468.07945,46624.67539,46493.75524,46696.5,46870.5,46436.5,46616.5,46696.5,46870.5,46436.5,46616.5,45892.37149,58.80564718,85.03884376,32.5724506,78.48054462,39.13074975
08/10/2025,46634.5,46829.5,46498.5,46623.5,45466.63649,43366.74104,45258.64728,47468.18192,46363.4146,44890.39151,47836.43769,44522.13573,48204.69347,36488.69164,46624.1308,46521.70991,46634.5,46829.5,46498.5,46623.5,46634.5,46829.5,46498.5,46623.5,45938.77663,58.90462811,84.97048838,32.83876783,78.45402331,39.3552329
09/10/2025,46628.5,46680.5,46253.5,46357.5,45498.45304,43392.30309,45296.58011,47498.98089,46397.7805,44929.51331,47866.04768,44562.44651,48233.11448,36508.81676,46500.5941,46486.32942,46628.5,46680.5,46253.5,46357.5,46628.5,46680.5,46253.5,46357.5,45983.32556,59.0030171,84.87218998,33.13384422,78.40489676,39.60113744
10/10/2025,46268.5,46634.5,45138.5,45225.5,45488.70472,43407.97144,45334.60274,47530.07032,46432.33653,44968.69148,47895.98158,44602.78022,48261.89284,36527.3539,45909.81118,46214.67247,46268.5,46634.5,45138.5,45225.5,46268.5,46634.5,45138.5,45225.5,47052.5,59.07620882,84.68800302,33.46441463,78.28505447,39.86736318
13/10/2025,45846.5,46165.5,45748.5,46072.5,45509.55455,43430.74518,45373.19675,47561.91896,46467.55785,45008.40971,47926.70599,44643.62268,48291.49303,36546.52019,45985.18897,46184.04014,45846.5,46165.5,45748.5,46072.5,45846.5,46165.5,45748.5,46072.5,47014.22,59.09998319,84.39734472,33.80262166,78.07300434,40.12696205
14/10/2025,46078.5,46513.5,45434.5,46251.5,45536.0526,43454.8542,45412.12006,47594.29018,46503.20512,45048.42504,47957.9852,44684.73002,48321.68022,36565.7914,46108.57752,46198.57497,46078.5,46513.5,45434.5,46251.5,46078.5,46513.5,45434.5,46251.5,46976.7056,59.09996889,84.06958385,34.13035394,77.82718011,40.37275768
15/10/2025,46247.5,46683.5,46005.5,46249.5,45561.53287,43478.74006,45451.19004,47627.0006,46539.09532,45088.55494,47989.63569,44725.91985,48352.27079,36585.52226,46173.87042,46209.54722,46247.5,46683.5,46005.5,46249.5,46247.5,46683.5,46005.5,46249.5,46939.94149,59.08261593,83.72838057,34.43685129,77.56693941,40.59829245
16/10/2025,46318.5,46474.5,45760.5,45893.5,45573.38884,43499.37904,45490.17858,47659.81966,46574.99912,45128.57173,48021.42651,44766.96488,48383.03335,36604.66661,46043.96781,46141.45203,46318.5,46474.5,45760.5,45893.5,46318.5,46474.5,45760.5,45893.5,46903.91266,59.06218107,83.39138482,34.73297732,77.30908388,40.81527826
17/10/2025,45908.5,46318.5,45406.5,46228.5,45596.78566,43522.70486,45529.399,47693.08089,46611.23994,45168.78535,48053.69454,44808.1717,48414.30819,36623.65413,46129.46618,46160.20729,45908.5,46318.5,45406.5,46228.5,45908.5,46318.5,45406.5,46228.5,46868.60441,59.02687187,83.05089856,35.00284519,77.04489189,41.00885186
20/10/2025,46297.5,46757.5,46111.5,46752.5,45638.06118,43550.30994,45568.79858,47726.80991,46647.80424,45209.13002,48086.47847,44849.46146,48446.14702,36643.72872,46418.1333,46287.82204,46297.5,46757.5,46111.5,46752.5,46297.5,46757.5,46111.5,46752.5,46834.00232,58.97594985,82.67458228,35.27731741,76.74992417,41.20197552
21/10/2025,46752.5,47131.5,46607.5,46953.5,45685.04113,43579.39704,45608.05791,47760.74165,46684.39978,45249.27728,48119.52228,44890.49666,48478.3029,36664.48534,46666.18205,46431.2483,46752.5,47131.5,46607.5,46953.5,46752.5,47131.5,46607.5,46953.5,45138.5,58.93564335,82.28876879,35.58251792,76.45048743,41.42079928
22/10/2025,46925.5,46996.5,46441.5,46512.5,45714.59324,43604.46629,45646.94767,47794.68583,46720.81675,45288.99131,48152.64219,44931.03494,48510.59855,36684.69927,46594.97732,46448.7547,46925.5,46996.5,46441.5,46512.5,46925.5,46996.5,46441.5,46512.5,45178.36,58.91362925,81.92504256,35.90221593,76.17218923,41.65506926
23/10/2025,46520.5,46801.5,46408.5,46690.5,45749.44705,43630.84265,45685.72167,47828.94092,46757.33129,45328.51847,48186.14412,44971.31526,48543.34733,36704.83854,46639.23536,46500.84088,46520.5,46801.5,46408.5,46690.5,46520.5,46801.5,46408.5,46690.5,45217.4228,58.89519816,81.59575424,36.19464207,75.92061522,41.86978109
24/10/2025,46699.5,47313.5,46697.5,47190.5,45800.91323,43661.26707,45724.32702,47863.50141,46793.91421,45367.79795,48220.03048,45011.26889,48576.55954,36725.81491,46894.65003,46649.4341,46699.5,47313.5,46697.5,47190.5,46699.5,47313.5,46697.5,47190.5,45255.70434,58.87910637,81.33840393,36.4198088,75.72357954,42.03463319
27/10/2025,47543.5,47585.5,47364.5,47565.5,45863.93418,43694.63658,45762.46232,47898.08269,46830.27251,45406.5256,48254.01942,45050.58887,48609.95615,36747.63546,47205.47156,46846.80867,47543.5,47585.5,47364.5,47565.5,47543.5,47585.5,47364.5,47565.5,45338.01617,58.87816203,81.18218657,36.5741375,75.60618043,42.15014363
28/10/2025,47560.5,47940.5,47508.5,47704.5,45929.66868,43728.90892,45799.71634,47932.27903,46865.99769,45444.28922,48287.70615,45088.86211,48643.13326,36769.84234,47436.68389,47031.60592,47560.5,47940.5,47508.5,47704.5,47560.5,47940.5,47508.5,47704.5,45472.8652,58.89866328,81.13051104,36.66681553,75.5725491,42.22477747
29/10/2025,47712.5,48037.5,47441.5,47592.5,45989.05551,43761.93107,45836.13658,47966.1313,46901.13394,45481.13746,48321.13042,45126.13834,48676.12954,36791.94894,47508.87738,47152.45556,47712.5,48037.5,47441.5,47592.5,47712.5,48037.5,47441.5,47592.5,45670.27598,58.94117219,81.1774578,36.70488658,75.6183864,42.26395799
30/10/2025,47597.5,48013.5,47382.5,47572.5,46045.6071,43794.50003,45871.91214,47999.80434,46935.85824,45517.26344,48354.45304,45162.61473,48709.10174,36813.94128,47538.35533,47242.95788,47597.5,48013.5,47382.5,47572.5,47597.5,48013.5,47382.5,47572.5,45906.99839,59.00131017,81.31420949,36.68841085,75.73598466,42.26663568
31/10/2025,47596.5,47699.5,47326.5,47571.5,46100.10327,43826.78208,45906.99654,48033.21944,46970.10799,45552.62606,48387.58992,45198.25557,48741.9604,36835.63877,47553.71208,47313.74522,47596.5,47699.5,47326.5,47571.5,47596.5,47699.5,47326.5,47571.5,46120.04855,59.07422957,81.48307682,36.66538232,75.88086501,42.26759413
03/11/2025,47601.5,47726.5,47122.5,47310.5,46143.33173,43856.55745,45941.41192,48066.36814,47003.89003,45587.25255,48420.52751,45233.09318,48774.68688,36856.99679,47441.02585,47313.046,47601.5,47726.5,47122.5,47310.5,47601.5,47726.5,47122.5,47310.5,46311.79369,59.14772722,81.63140193,36.66405251,76.01048325,42.28497119
04/11/2025,47291.5,47307.5,46840.5,47159.5,46179.62345,43884.78773,45975.31013,48099.39081,47037.35047,45621.29668,48453.40425,45267.28324,48807.4177,36877.73667,47310.5879,47279.96315,47291.5,47307.5,46840.5,47159.5,47291.5,47307.5,46840.5,47159.5,46484.36432,59.21030742,81.72171443,36.69890042,76.09386268,42.32675217
05/11/2025,47190.5,47454.5,46944.5,47337.5,46220.97619,43914.29809,46009.03105,48132.64223,47070.83664,45655.09585,48486.57742,45301.16066,48840.51262,36898.72405,47323.05695,47292.35998,47190.5,47454.5,46944.5,47337.5,47190.5,47454.5,46944.5,47337.5,46639.67789,59.24681901,81.73345324,36.76018477,76.11179468,42.38184333
06/11/2025,47312.5,47358.5,46757.5,46960.5,46247.38775,43940.334,46042.38644,48165.9459,47104.16617,45688.45986,48519.87248,45334.53329,48873.79905,36919.22359,47155.07527,47220.85778,47312.5,47358.5,46757.5,46960.5,47312.5,47358.5,46757.5,46960.5,48037.5,59.26932826,81.69922657,36.83942995,76.09175199,42.44690453
07/11/2025,47002.5,47046.5,46472.5,47043.5,46275.82033,43966.85679,46075.46619,48199.41601,47137.4411,45721.47456,48553.40765,45367.48292,48907.39928,36939.33481,47103.37966,47182.64446,47002.5,47046.5,46472.5,47043.5,47002.5,47046.5,46472.5,47043.5,48011.9,59.26811472,81.60652623,36.9297032,76.02192335,42.51430608
10/11/2025,47088.5,47402.5,46923.5,47350.5,46314.20175,43995.77682,46108.555,48233.34681,47170.95091,45754.42304,48587.47878,45400.29107,48941.61075,36960.15701,47217.87668,47218.81044,47088.5,47402.5,46923.5,47350.5,47088.5,47402.5,46923.5,47350.5,47950.324,59.23888156,81.46648818,37.01127494,75.90958653,42.56817659
11/11/2025,47353.5,47983.5,47314.5,47951.5,46372.67669,44029.58642,46141.39471,48267.48055,47204.43763,45787.04707,48621.82819,45432.69944,48976.17583,36981.99846,47557.78267,47376.67494,47353.5,47983.5,47314.5,47951.5,47353.5,47983.5,47314.5,47951.5,46472.5,59.20743729,81.33339377,37.0814808,75.80190465,42.61296992
12/11/2025,47919.5,48418.5,47910.5,48275.5,46440.63466,44065.87628,46173.61481,48301.42563,47237.52022,45818.97967,48656.06077,45464.34453,49010.69591,37004.71,47890.31902,47570.33483,47919.5,48418.5,47910.5,48275.5,47919.5,48418.5,47910.5,48275.5,46502.72,59.19099783,81.24529636,37.13669931,75.73172173,42.65027394
13/11/2025,48277.5,48384.5,47384,47472,46477.46914,44094.98844,46204.94697,48334.85799,47269.90248,45849.9618,48689.84316,45494.97663,49044.82833,37026.45519,47696.50138,47549.14771,48277.5,48384.5,47384,47472,48277.5,48384.5,47384,47472,46579.3512,59.19618916,81.20400595,37.18837237,75.70205175,42.69032657
14/11/2025,47501,47538,46836,47166,46502.05952,44121.23641,46235.82304,48368.19228,47302.00766,45880.42816,48723.58715,45525.03329,49078.98203,37047.00892,47450.70685,47466.59512,47501,47538,46836,47166,47501,47538,46836,47166,46652.91715,59.19991011,81.15983611,37.23998412,75.66985461,42.72996561
17/11/2025,47130,47286,46420,46625,46506.45026,44142.6361,46266.64522,48401.82299,47334.2341,45910.78226,48757.68595,45554.9193,49113.54891,37066.70526,47068.13626,47285.26594,47130,47286,46420,46625,47130,47286,46420,46625,48418.5,59.18543889,81.09221081,37.27866697,75.61551783,42.75535995
18/11/2025,46622,46670,45903,46030,46489.43418,44158.76741,46297.76491,48436.0925,47366.92871,45941.37698,48792.48043,45584.98905,49148.86836,37085.19574,46587.14182,47014.80769,46622,46670,45903,46030,46622,46670,45903,46030,48378.53,59.14632268,81.0260699,37.26657547,75.55613309,42.73651227
19/11/2025,46064,46300,45898,46151,46477.34724,44175.79504,46329.34868,48471.13066,47400.23967,45972.38502,48828.09432,45615.42135,49185.05799,37103.47739,46385.06643,46828.69261,46064,46300,45898,46151,46064,46300,45898,46151,48279.5088,59.0765127,80.97434209,37.17868331,75.49988474,42.65314065
20/11/2025,46140,46854,45705,45746,46451.2277,44189.2156,46361.64113,48507.14532,47434.39322,46004.0571,48864.72935,45646.47306,49222.31338,37121.69235,46088.971,46595.41682,46140,46854,45705,45746,46140,46854,45705,45746,48136.61827,58.97829902,80.94839139,37.00820665,75.4558683,42.50072974
21/11/2025,45771,46566,45693,46287,46445.36242,44207.14538,46394.93198,48544.35584,47469.64391,46036.69467,48902.59315,45678.45736,49260.83047,37140.03305,46180.72278,46528.96567,45771,46566,45693,46287,45771,46566,45693,46287,47942.08881,58.85464459,80.93288438,36.77640479,75.41332443,42.29596474
24/11/2025,46453,46585,46097,46457,46445.77805,44226.3749,46429.25476,48582.73841,47505.99658,46070.34082,48941.65235,45711.42688,49300.56629,37158.73677,46308.72891,46513.46002,46453,46585,46097,46457,46453,46585,46097,46457,47717.17993,58.71341222,80.9076509,36.51917355,75.35909123,42.06773322
25/11/2025,46440,47165,46317,47109,46469.46455,44251.01272,46464.47548,48622.10766,47543.29157,46104.87012,48981.71302,45745.26476,49341.31838,37178.38237,46679.51448,46641.77442,46440,47165,46317,47109,46440,47165,46317,47109,47514.76194,58.56858341,80.8598152,36.27735161,75.28700725,41.85015956
26/11/2025,47104,47551,47095,47426,46503.62653,44278.14937,46500.21206,48662.05692,47581.13449,46139.90458,49022.3644,45779.5971,49382.67188,37198.98754,47025.37985,46810.74282,47104,47551,47095,47426,47104,47551,47095,47426,45693,58.44090254,80.79511138,36.08669371,75.20655917,41.67524592
27/11/2025,47443,47473,47379,47416,46536.21129,44304.9686,46536.00955,48702.10097,47619.05526,46174.99432,49063.11621,45813.97908,49424.13144,37219.68324,47206.36392,46941.15089,47443,47473,47379,47416,47443,47473,47379,47416,45730.16,58.34059285,80.72314461,35.95804109,75.12750667,41.55367903
28/11/2025,47429,47732,47408,47679,46577.02518,44333.80648,46572.00979,48742.3576,47657.18369,46210.28515,49104.08223,45848.56052,49465.80687,37240.70885,47425.34801,47100.12706,47429,47732,47408,47679,47429,47732,47408,47679,45766.5768,58.26609151,80.64136358,35.89081943,75.04754557,41.48463745
01/12/2025,47701,47725,47263,47289,46602.45285,44359.06454,46608.07106,48782.67252,47695.37179,46245.63748,49145.1061,45883.2039,49507.53968,37261.32618,47362.17457,47140.82142,47701,47725,47263,47289,47701,47725,47263,47289,45845.19373,58.21844866,80.53052965,35.90636766,74.95250941,41.48438791
02/12/2025,47279,47595,47195,47483,46633.90096,44385.76485,46644.35222,48823.2036,47733.77791,46281.21032,49186.34549,45918.06842,49549.48739,37281.89906,47418.15601,47214.54685,47279,47595,47195,47483,47279,47595,47195,47483,45920.66598,58.18334399,80.36141328,36.0052747,74.81689596,41.54979202
03/12/2025,47498,48014,47364,47978,46681.9045,44416.46771,46680.753,48863.85141,47772.3022,46316.90326,49227.70115,45953.05352,49591.55088,37303.16108,47677.5457,47379.03965,47498,48014,47364,47978,47498,48014,47364,47978,45993.11934,58.15935664,80.14726534,36.17144795,74.65028817,41.66842512
04/12/2025,47915,48053,47680,47831,46722.94362,44445.65175,46717.1273,48904.46389,47810.79559,46352.5712,49269.01998,45988.0151,49633.57608,37324.5204,47748.64491,47476.41854,47915,48053,47680,47831,47915,48053,47680,47831,46114.37218,58.15619105,79.91865728,36.39372482,74.47804073,41.83434138
05/12/2025,47838,48107,47741,47929,46766.01707,44475.42396,46753.36097,48944.9154,47849.13818,46388.10189,49310.17447,46022.84282,49675.43354,37345.98021,47832.20792,47573.93125,47838,48107,47741,47929,47838,48107,47741,47929,46269.4624,58.17324025,79.69181332,36.65466719,74.31217005,42.03431046
08/12/2025,47967,47998,47601,47742,46800.8736,44503.34341,46789.42418,48985.16193,47887.29306,46423.46789,49351.11822,46057.5116,49717.07451,37367.10238,47790.41234,47610.14317,47967,47998,47601,47742,47967,47998,47601,47742,46453.21616,58.21009352,79.4789169,36.94127015,74.16171105,42.25847599
09/12/2025,47732,47948,47520,47525,46826.73526,44529.16953,46825.53017,49025.40526,47925.46771,46458.88432,49392.05111,46092.23847,49758.69695,37387.94698,47667.44018,47591.79831,47732,47948,47520,47525,47732,47948,47520,47525,46618.59455,58.25060853,79.24941388,37.25180319,73.99971254,42.50150452
10/12/2025,47539,48185,47444,48096,46872.06614,44559.65526,46861.8432,49065.79669,47963.81994,46494.51762,49433.12227,46127.19204,49800.44785,37409.24331,47866.00264,47700.43307,47539,48185,47444,48096,47539,48185,47444,48096,46767.43509,58.28457887,78.98239439,37.58676336,73.80794051,42.76121724
11/12/2025,48111,48773,47809,48761,46939.52806,44595.56419,46897.98573,49105.93912,48001.96242,46529.99349,49473.93135,46162.00126,49841.92359,37431.58829,48280.67725,47928.94168,48111,48773,47809,48761,48111,48773,47809,48761,46937.54288,58.32497077,78.69735297,37.95258857,73.60425742,43.04568412
12/12/2025,48828,48868,48308,48471,46994.22349,44628.68758,46933.44354,49145.28847,48039.36601,46564.80272,49513.92929,46196.1619,49882.57011,37454.09318,48368.85853,48045.73298,48828,48868,48308,48471,48828,48868,48308,48471,47194.50688,58.38477113,78.41333147,38.3562108,73.40619138,43.36335088
15/12/2025,48482,48718,48262,48427,47045.39408,44661.15178,46968.10466,49183.70261,48075.90364,46598.83834,49552.96893,46229.57202,49922.23526,37476.39056,48395.79693,48127.88036,48482,48718,48262,48427,48482,48718,48262,48427,47462.26578,58.46345067,78.1329034,38.79399794,73.21554022,43.71136113
16/12/2025,48442,48508,47906,48036,47080.77286,44689.99664,47002.18154,49221.36424,48111.77289,46632.31776,49591.22803,46262.45397,49961.09181,37497.99706,48229.09403,48108.08392,48442,48508,47906,48036,48442,48508,47906,48036,47687.18325,58.55184552,77.83270409,39.27098695,73.01248945,44.09120159
17/12/2025,48084,48372,47832,47896,47109.88812,44717.39838,47035.70442,49258.29757,48147.00099,46665.27223,49628.72976,46294.84004,49999.16195,37519.32365,48074.76325,48062.38855,48084,48372,47832,47896,48084,48372,47832,47896,48868,58.62620873,77.4702404,39.78217706,72.75923249,44.49318498
18/12/2025,47905,48372,47791,47896,47109.88812,44717.39838,47068.56237,49294.40964,48181.48601,46697.58782,49665.38419,46326.61327,50036.35874,37519.32365,47991.93778,48026.53865,47905,48372,47791,47896,47905,48372,47791,47896,48847.28,58.68158353,77.03895263,40.32421443,72.44961035,44.91355671
19/12/2025,47886,48279,47775,48137,47146.57068,44746.62574,47100.72286,49329.70238,48215.21262,46729.22627,49701.19897,46357.72968,50072.69555,37540.66847,48059.14872,48050.33853,47886,48279,47775,48137,47886,48279,47775,48137,48805.0288,58.71917078,76.54831744,40.89002413,72.09103077,45.34731079
22/12/2025,48232,48446,48119,48337,47189.08602,44777.3127,47132.42066,49364.4221,48248.42138,46760.42041,49736.42234,46388.42017,50108.42258,37562.44984,48187.88416,48112.1023,48232,48446,48119,48337,48232,48446,48119,48337,48743.22707,58.74428111,76.0345537,41.45400851,71.71198555,45.77657666
23/12/2025,48337,48516,48197,48399,47232.29723,44808.2673,47163.3533,49398.28329,48280.81829,46790.86496,49770.77162,46418.37663,50143.25995,37584.32883,48285.6994,48173.91697,48337,48516,48197,48399,48337,48516,48197,48399,48685.13345,58.77322388,75.55833162,41.98811615,71.36205468,46.18439308
24/12/2025,48422,48764,48361,48699,47284.67947,44841.52142,47193.25969,49431.06527,48312.16248,46820.29209,49804.03287,46447.32449,50177.00047,37606.64395,48477.19188,48287.0508,48422,48764,48361,48699,48422,48764,48361,48699,47775,58.80901986,75.13646834,42.48157139,71.05460622,46.56343351
26/12/2025,48720,48764,48554,48687,47334.76235,44874.38876,47221.88097,49462.55418,48342.21758,46848.43543,49835.99972,46474.9899,50209.44525,37629.03603,48574.40122,48373.22342,48720,48764,48554,48687,48720,48764,48554,48687,47794.78,58.86015412,74.78944364,42.9308646,70.80712126,46.91318698
29/12/2025,48710,48758,48373,48468,47375.23512,44905.10339,47249.13913,49492.70351,48370.92132,46875.21174,49866.63091,46501.28434,50240.5583,37651.10883,48525.10288,48393.64388,48710,48758,48373,48468,48710,48758,48373,48468,47814.1644,58.92679045,74.50668443,43.34689646,70.61171093,47.24186996
30/12/2025,48476,48482,48287,48392,47411.54815,44934.90592,47274.90723,49521.45089,48398.17906,46900.48329,49895.87484,46526.05935,50270.29878,37672.84141,48463.43299,48393.28969,48476,48482,48287,48392,48476,48482,48287,48392,47833.16111,58.99159693,74.24328762,43.73990625,70.43036494,47.55282892
31/12/2025,48404,48407,48031,48066,47434.92143,44961.66741,47299.16711,49548.85702,48424.01207,46924.2188,49923.80534,46549.27048,50298.75365,37694.08667,48279.29237,48322.77221,48404,48407,48031,48066,48404,48407,48031,48066,47851.77789,59.04133794,73.98771405,44.09496183,70.25112003,47.83155585
02/01/2026,48108,48377,47818,48324,47466.67424,44990.40529,47321.89249,49574.99534,48448.44391,46946.37535,49950.51248,46570.8582,50326.02962,37715.29904,48300.00653,48323.03675,48108,48377,47818,48324,48108,48377,47818,48324,48764,59.06334739,73.7267996,44.39989517,70.06093655,48.06575822
05/01/2026,48383,49205,48301,48962,47520.07873,45024.35055,47343.03446,49599.91012,48471.47229,46966.88851,49976.05606,46590.74257,50352.20201,37737.78359,48606.72463,48460.70708,48383,49205,48301,48962,48383,49205,48301,48962,47818,59.06112706,73.47787042,44.64438371,69.87368458,48.24856955
06/01/2026,48978,49509,48835,49490,47590.43306,45062.51849,47362.14898,49623.21102,48492.68,46985.30531,50000.05469,46608.46163,50376.89837,37761.14436,49015.96815,48682.47743,48978,49509,48835,49490,48978,49509,48835,49490,47818,59.0726024,73.29094018,44.85426462,69.73635574,48.40884906
07/01/2026,49486,49614,48923,48973,47639.81045,45095.94141,47378.96766,49644.62319,48511.79543,47001.3584,50022.23245,46623.74915,50399.84171,37784.2392,48996.05993,48745.07311,49486,49614,48923,48973,49486,49614,48923,48973,47885.64,59.10529139,73.14282789,45.06775489,69.63344377,48.57713901
08/01/2026,49008,49353,48754,49321,47699.85294,45132.05302,47393.82207,49664.46168,48529.14187,47015.38213,50042.90161,46636.9422,50421.34155,37807.23197,49146.61278,48869.1617,49008,49353,48754,49321,49008,49353,48754,49321,47989.3416,59.14959603,73.00226428,45.29692778,69.53909722,48.76009484
09/01/2026,49338,49557,49173,49498,47764.07247,45169.36881,47406.75145,49682.75907,48544.75526,47027.41685,50062.09367,46648.08225,50441.42828,37830.71801,49309.41925,49004.65052,49338,49557,49173,49498,49338,49557,49173,49498,48086.8211,59.20217407,72.86277834,45.5415698,69.44762727,48.95672087
12/01/2026,49493,49627,48985,49535,47827.31989,45206.6819,47417.25541,49699.01897,48558.13719,47036.96148,50079.3129,46656.66755,50459.60683,37854.10184,49413.93644,49118.91905,49493,49627,48985,49535,49493,49627,48985,49535,48178.45184,59.26898448,72.74368033,45.79428863,69.37500637,49.1629626
13/01/2026,49539,49679,49054,49164,47875.05846,45240.50513,47425.27771,49713.19292,48569.23532,47043.95851,50094.51212,46662.63931,50475.83132,37877.26965,49298.13465,49128.63215,49539,49679,49054,49164,49539,49679,49054,49164,48294.33569,59.3459823,72.62618465,46.06577995,69.30613406,49.38583054
14/01/2026,49159,49185,48844,49088,47918.3778,45273.3897,47431.253,49725.69764,48578.47532,47048.84556,50108.10508,46666.43812,50490.51251,37899.86425,49200.77402,49119.87759,49159,49185,48844,49088,49159,49185,48844,49088,48432.80212,59.42386645,72.4684161,46.3793168,69.20727869,49.64045421
15/01/2026,49094,49587,49051,49441,47972.75717,45309.0103,47435.71707,49737.05009,48586.38358,47052.16157,50120.60559,46668.60606,50504.1611,37923.06223,49312.07671,49189.06628,49094,49587,49051,49441,49094,49587,49051,49441,48557.42191,59.48245783,72.23117387,46.73374178,69.04399486,49.92092079
16/01/2026,49453,49588,49215,49345,48021.76584,45343.50594,47438.4772,49747.03486,48592.75603,47053.71759,50131.79447,46668.95798,50516.55408,37946.25981,49327.33089,49222.66359,49453,49588,49215,49345,49453,49588,49215,49345,48669.57972,59.53971752,71.93821981,47.14121523,68.83859424,50.2408408
19/01/2026,48969,49120,48845,48938,48054.48849,45374.22811,47439.55063,49755.65455,48597.60259,47053.53331,50141.67187,46667.51599,50527.68919,37968.57035,49146.94417,49161.33028,48969,49120,48845,48938,48969,49120,48845,48938,48770.52175,59.59669026,71.63047519,47.56290533,68.62202896,50.57135156
20/01/2026,48946,48977,48412,48526,48071.32818,45401.16633,47439.23124,49763.21251,48601.22187,47051.90102,50150.54272,46664.57081,50537.87294,37990.16906,48859.24524,49024.4427,48946,48977,48412,48526,48946,48977,48412,48526,49679,59.62860331,71.30727212,47.94993449,68.38760492,50.86960169
21/01/2026,48539,49292,48298,49089,48107.67361,45432.68628,47437.68003,49769.88977,48603.7849,47048.97841,50158.5914,46660.27679,50547.29302,38012.23957,48965.69635,49038.35215,48539,49292,48298,49089,48539,49292,48298,49089,49653.66,59.62709115,70.98794977,48.26623253,68.14773512,51.10644719
22/01/2026,49102,49598,49058,49309,48150.57812,45465.81716,47435.00426,49775.78295,48605.39361,47044.87448,50165.91274,46654.7447,50556.04252,38035.13315,49124.7575,49096.66564,49102,49598,49058,49309,49102,49598,49058,49309,49599.4336,59.61045989,70.69709694,48.52382285,67.92543768,51.29548211
23/01/2026,49325,49432,48931,48990,48180.55747,45495.93838,47431.02493,49780.67766,48605.85129,47039.41614,50172.28645,46647.80735,50563.89524,38057.56743,49062.32099,49073.68358,49325,49432,48931,48990,49325,49432,48931,48990,49598,59.59731789,70.45327822,48.74135755,67.73928813,51.45534764
26/01/2026,48802,49470,48680,49200,48216.96614,45527.59703,47425.92514,49784.7315,48605.32832,47032.79075,50177.86589,46639.65635,50571.00028,38079.95427,49126.11111,49100.89958,48802,49470,48680,49200,48802,49470,48680,49200,49598,59.57791727,70.22921464,48.92661991,67.5663903,51.58944425
27/01/2026,49223,49399,48844,48964,48243.64592,45556.968,47419.61466,49787.82666,48603.72066,47024.91266,50182.52866,46630.21066,50577.23066,38102.1993,49051.00099,49071.40334,49223,49399,48844,48964,49223,49399,48844,48964,49546,59.55291068,70.00803377,49.09778758,67.394253,51.71156835
28/01/2026,48959,49131,48833,48963,48269.33713,45586.07938,47412.2351,49790.10473,48601.16992,47015.92349,50186.41634,46619.61189,50582.72795,38124.21037,49010.22793,49048.04687,48959,49131,48833,48963,48959,49131,48833,48963,49496.08,59.52019479,69.77666506,49.26372452,67.21254749,51.82784209
29/01/2026,48981,49289,48569,48952,48293.71795,45614.84793,47403.98847,49791.76679,48597.87763,47006.02542,50189.72984,46608.06237,50587.6929,38146.09793,48983.24948,49027.35272,48981,49289,48569,48952,48981,49289,48569,48952,49448.1568,59.47502479,69.53469962,49.41534996,67.01978091,51.93026867
30/01/2026,48981,49017,48420,48829,48312.83517,45642.31932,47395.09103,49793.03007,48594.06055,46995.43453,50192.68658,46595.77802,50592.34308,38167.57411,48911.78185,48984.61585,48981,49017,48420,48829,48981,49017,48420,48829,49402.15053,59.41635327,69.31152454,49.52118199,66.83773172,51.99497481
02/02/2026,48731,49473,48379,49360,48350.23391,45674.09437,47386.03864,49794.42328,48590.23096,46984.64121,50195.82072,46583.24377,50597.21816,38189.64515,49119.4525,49065.49572,48731,49473,48379,49360,48731,49473,48379,49360,48298,59.3356093,69.09611049,49.5751081,66.6559852,52.0152334
03/02/2026,49366,49640,48808,49241,48382.04698,45704.58074,47376.47743,49795.59794,48586.03769,46973.29068,50198.7847,46570.10392,50601.97145,38211.99337,49175.76849,49103.30968,49366,49640,48808,49241,49366,49640,48808,49241,48321.5,59.25938142,68.90896848,49.60979436,66.49657172,52.02219113
04/02/2026,49270,49640,49098,49453,48420.29531,45736.61851,47366.14449,49796.29099,48581.21774,46961.12008,50201.31541,46556.09566,50606.33982,38234.63509,49304.21677,49178.65358,49270,49640,49098,49453,49270,49640,49098,49453,48374.24,59.19534186,68.74042057,49.65026314,66.3541509,52.03653282
05/02/2026,49467,49574,48732,48762,48432.49905,45762.47647,47354.78885,49796.26129,48575.52507,46947.87678,50203.17336,46540.9647,50610.08543,38256.47321,49052.99421,49088.88185,49467,49574,48732,48762,49467,49574,48732,48762,48424.8704,59.14926856,68.6073819,49.69115522,66.24285357,52.05568355
06/02/2026,48774,50161,48600,50098,48491.98122,45799.53223,47342.37409,49795.53687,48568.95548,46933.51363,50204.39733,46524.65317,50613.2578,38279.47562,49537.17147,49306.30536,48774,50161,48600,50098,48774,50161,48600,50098,48473.47558,59.09482481,68.47925996,49.71038967,66.13315117,52.05649846
09/02/2026,50178,50243,49812,50104,48549.55332,45836.32255,47328.46949,49793.73415,48561.10182,46917.59205,50204.61159,46506.7146,50615.48903,38303.30867,49799.79728,49478.17579,50178,50243,49812,50104,50178,50243,49812,50104,48574.72705,59.05516593,68.37835671,49.73197516,66.04755901,52.06277285
10/02/2026,50110,50512,50009,50236,48609.78356,45873.92663,,,,,,,,38327.49698,50001.90088,49641.45578,50110,50512,50009,50236,50110,50512,50009,50236,48600,59.03736539,68.30841677,49.76631401,65.99065392,52.08407685
11/02/2026,50255,50493,49887,50111,48663.39843,45910.14094,,,,,,,,38351.45684,50052.44923,49742.62327,50255,50493,49887,50111,50255,50493,49887,50111,48791.2,59.04219193,68.26813306,49.81625081,65.96164778,52.12273609
12/02/2026,50125,50437,49411,49473,48692.31277,45940.59272,,,,,,,,38374.57872,49783.97594,49684.53053,50125,50437,49411,49473,50125,50437,49411,49473,48963.28,59.06162922,68.25853941,49.86471904,65.95931186,52.16394659
13/02/2026,49462,49725,49064,49431,48718.69446,45970.42526,,,,,,,,38396.91088,49620.43338,49629.90512,49462,49725,49064,49431,49462,49725,49064,49431,50512,59.07356992,68.26720033,49.87993951,65.96879273,52.17834711
16/02/2026,49490,49747,49434,49533,48747.7768,46000.87462,,,,,,,,38419.53117,49579.92331,49609.02604,49490,49747,49434,49533,49490,49747,49434,49533,50483.04,59.06568384,68.2859986,49.84536908,65.98091991,52.15044777
17/02/2026,49554,49722,49169,49549,48776.39192,46031.20048,,,,,,,,38441.92078,49565.59577,49596.0929,49554,49722,49169,49549,49554,49722,49169,49549,50454.6592,59.04732317,68.32455902,49.77008732,66.00525005,52.08939628
18/02/2026,49549,49891,49430,49637,48807.12792,46062.01928,,,,,,,,38464.6146,49598.67913,49604.9067,49549,49891,49430,49637,49549,49891,49430,49637,50426.84602,59.0159687,68.35678465,49.67515274,66.02158067,52.01035673
19/02/2026,49620,49713,49180,49346,48826.37335,46090.08749,,,,,,,,38486.77732,49481.60658,49549.12294,49620,49713,49180,49346,49620,49713,49180,49346,50399.5891,58.98170062,68.38010531,49.58329593,66.03050413,51.9328971
20/02/2026,49371,49703,49139,49612,48854.43145,46120.1893,,,,,,,,38509.04026,49542.02111,49562.67036,49371,49703,49139,49612,49371,49703,49139,49612,50372.87731,58.93377371,68.37918831,49.48835911,66.01783466,51.84971276
23/02/2026,49558,49706,48718,48830,48853.55889,46143.35008,,,,,,,,38530.44841,49212.12396,49404.80999,49558,49706,48718,48830,49558,49706,48718,48830,50346.69977,58.87799389,68.37370473,49.38228306,65.99977702,51.75621077
24/02/2026,48839,49287,48749,49145,48863.9675,46169.00521,,,,,,,,38551.76396,49181.02375,49348.83161,48839,49287,48749,49145,48839,49287,48749,49145,50281.55178,58.79984635,68.3599891,49.2397036,65.96995342,51.62973929
25/02/2026,49161,49527,49086,49443,48884.64724,46196.98807,,,,,,,,38573.62679,49302.40389,49369.12103,49161,49527,49086,49443,49161,49527,49086,49443,50219.00971,58.70108949,68.32429604,49.07788294,65.9184944,51.48368458
26/02/2026,49475,49826,49222,49309,48899.80269,46223.58646,,,,,,,,38595.64846,49305.46003,49356.16742,49475,49826,49222,49309,49475,49826,49222,49309,50158.96932,58.60322858,68.2763853,48.93007186,65.85809612,51.34836104
27/02/2026,49242,49346,48652,48859,48898.34545,46246.11136,,,,,,,,38616.61341,49098.60396,49249.04826,49242,49346,48652,48859,49242,49346,48652,48859,50101.33054,58.5116216,68.2435024,48.7797408,65.8105322,51.212711
02/03/2026,48381,49059,48106,48864,48897.11883,46268.48648,,,,,,,,38636.97722,48989.90609,49166.08618,48381,49059,48106,48864,48381,49059,48106,48864,50014.37071,58.40434487,68.22535887,48.58333087,65.77010537,51.03858437
03/03/2026,48852,48873,47617,48423,48880.18601,46286.90113,,,,,,,,38656.54676,48727.24435,49005.98163,48852,48873,47617,48423,48852,48873,47617,48423,49861.70106,58.27622605,68.24210798,48.31034412,65.7506375,50.80181461
04/03/2026,48425,48867,48214,48760,48875.89366,46308.03872,,,,,,,,38676.70288,48742.42086,48952.98269,48425,48867,48214,48760,48425,48867,48214,48760,49637.23095,58.12287214,68.2733666,47.97237769,65.73574298,50.5100013
05/03/2026,48703,48826,47553,47883,48840.43317,46321.49993,,,,,,,,38695.75274,48344.22973,48722.44537,48703,48826,47553,47883,48703,48826,47553,47883,49435.20785,57.9646393,68.3204547,47.60882389,65.73150085,50.19777774
06/03/2026,47896,48072,46974,47431,48790.09627,46330.98284,,,,,,,,38713.55958,47921.1076,48444.19194,47896,48072,46974,47431,47896,48072,46974,47431,49209.34291,57.79079741,68.36803889,47.21355592,65.72372852,49.85786629
09/03/2026,47035,47879,46293,47690,48750.80712,46342.59837,,,,,,,,38730.9154,47814.02968,48281.69455,47035,47879,46293,47690,47035,47879,46293,47690,48896.3949,57.59557229,68.4122703,46.77887428,65.70809579,49.48304878
10/03/2026,47711,48220,47431,47720,48713.99258,46354.37103,,,,,,,,38749.2543,47770.46338,48160.67245,47711,48220,47431,47720,47711,48220,47431,47720,48479.85172,57.37947587,68.44510348,46.31384825,65.67869658,49.08025515
11/03/2026,47740,47930,47171,47340,48664.92141,46362.79521,,,,,,,,38766.92855,47571.01895,47983.85124,47740,47930,47171,47340,47740,47930,47171,47340,48220,57.16728665,68.48622897,45.84834433,65.65649339,48.67807991
12/03/2026,47332,47342,46669,46736,48596.03136,46365.985,,,,,,,,38783.42397,47184.13383,47714.99055,47332,47342,46669,46736,47332,47342,46669,46736,48220,56.95245379,68.52503082,45.37987676,65.63188656,48.27302102
13/03/2026,46723,47119,46408,46471,48520.13739,46366.88256,,,,,,,,38799.3806,46853.72113,47446.96169,46723,47119,46408,46471,46723,47119,46408,46471,47930,56.72682568,68.55199809,44.90165327,65.59570499,47.85794637
16/03/2026,46329,47191,46329,46935,48463.52534,46371.73826,,,,,,,,38815.6133,46891.37966,47336.65497,46329,47191,46329,46935,46329,47191,46329,46935,47668.08,56.48881023,68.5696129,44.40800756,65.54941223,47.42820822
17/03/2026,46921,47420,46661,46996,48411.11372,46377.07383,,,,,,,,38832.23284,46939.85287,47263.25782,46921,47420,46661,46996,46921,47420,46661,46996,47448.0672,56.24737476,68.57517824,43.91957127,65.49322737,47.00152214
18/03/2026,47018,47302,46038,46066,48327.35966,46374.41508,,,,,,,,38847.69121,46534.97503,47005.29793,47018,47302,46038,46066,47018,47302,46038,46066,46038,56.01298511,68.57880838,43.44716183,65.43735256,46.58861765
19/03/2026,46142,46299,45715,46079,48247.0611,46371.89017,,,,,,,,38862.23232,46323.71042,46805.71878,46142,46299,45715,46079,46142,46299,45715,46079,47420,55.77361997,68.57330853,42.97393141,65.37338639,46.17385355
20/03/2026,46108,46228,45345,45790,48159.30892,46366.91675,,,,,,,,38876.25142,46076.42906,46586.8731,46108,46228,45345,45790,46108,46228,45345,45790,47385.9,55.52413026,68.55588813,42.4923724,65.29794866,45.75031186
23/03/2026,45333,46911,45158,46216,48089.90503,46365.62686,,,,,,,,38890.86427,46141.09576,46506.96518,45333,46911,45158,46216,45333,46911,45158,46216,47304.264,55.26315805,68.52440867,42.00190744,65.20909602,45.31722009
24/03/2026,46216,46597,45740,46390,48029.19413,46365.83518,,,,,,,,38905.74578,46256.41931,46481.76399,46216,46597,45740,46390,46216,46597,45740,46390,47175.48816,55.00726278,68.49969967,41.5148259,65.12659045,44.88793512
25/03/2026,46414,46743,46188,46414,47971.50863,46366.24684,,,,,,,,38921.01418,46329.43037,46467.16363,46414,46743,46188,46414,46414,46743,46188,46414,47054.43887,54.76280313,68.4835084,41.04209785,65.05333208,44.47227417
26/03/2026,46399,46543,45878,46015,47901.63332,46363.24473,,,,,,,,38935.63831,46183.74693,46369.74094,46399,46543,45878,46015,46399,46543,45878,46015,46940.65254,54.53773452,68.4975654,40.57790365,65.00760768,44.06786137
27/03/2026,46061,46227,44995,45033,47799.18213,46351.87512,,,,,,,,38948.76117,45650.57716,46081.72817,46061,46227,44995,45033,46061,46227,44995,45033,46833.69339,54.32015121,68.52359531,40.11670712,64.97273429,43.66756814
30/03/2026,44965,45657,44807,45204,47706.49705,46342.06422,,,,,,,,38961.46139,45443.66682,45892.6138,44965,45657,44807,45204,44965,45657,44807,45204,46686.59792,54.09498291,68.52007045,39.66989536,64.91379857,43.27616725
31/03/2026,45218,46387,45034,46309,47656.58644,46341.78162,,,,,,,,38975.52725,45844.59728,45982.32793,45218,46387,45034,46309,45218,46387,45034,46309,46498.63812,53.86064816,68.4718619,39.24943441,64.81905846,42.90223785
01/04/2026,46270,46798,46261,46574,47617.92264,46343.76639,,,,,,,,38990.84872,46182.54776,46109.80896,46270,46798,46261,46574,46270,46798,46261,46574,44807,53.64511163,68.40510404,38.88511923,64.71510594,42.57511733
02/04/2026,46569,46736,45830,46501,47578.03255,46345.11027,,,,,,,,39005.75726,46330.09463,46194.09456,46569,46736,45830,46501,46569,46736,45830,46501,44846.82,53.46126976,68.36140494,38.56113458,64.63637115,42.28616838
03/04/2026,46508,46628,46351,46398,47535.88853,46345.56232,,,,,,,,39020.8448,46361.55688,46238.02781,46508,46628,46351,46398,46508,46628,46351,46398,44885.8436,53.30004891,68.34754769,38.25255012,64.585673,42.01442482
06/04/2026,46267,46810,46122,46768,47508.46394,46349.1729,,,,,,,,39036.11974,46549.87212,46352.21505,46267,46810,46122,46768,46267,46810,46122,46768,44924.08673,53.16179406,68.3632183,37.96036981,64.56286224,41.76072587
07/04/2026,46765,46810,46194,46643,47477.55451,46351.68424,,,,,,,,39051.328,46593.02059,46414.86726,46765,46810,46194,46643,46765,46810,46194,46643,44999.52326,53.04714473,68.38425528,37.71003417,64.54997764,41.54431181
08/04/2026,46809,48041,46617,47880,47491.92756,46364.74677,,,,,,,,39068.45622,47189.31027,46730.54319,46809,48041,46617,47880,46809,48041,46617,47880,45071.94233,52.95273482,68.37145499,37.53401466,64.51677494,41.3886947
09/04/2026,47866,48323,47670,48184,47516.64444,46380.29594,,,,,,,,39086.6557,47650.17485,47043.70343,47866,48323,47670,48184,47866,48323,47670,48184,45250.08579,52.8960158,68.33290656,37.45912504,64.47368387,41.31834773
10/04/2026,48160,48279,47842,47949,47532.08571,46393.70367,,,,,,,,39104.74614,47788.628,47238.75766,48160,48279,47842,47949,48160,48279,47842,47949,45495.91893,52.87803017,68.27331834,37.48274199,64.4244963,41.33156404
13/04/2026,47426,48237,47315,48228,47556.93979,46409.38142,,,,,,,,39122.60428,47992.20001,47451.89875,47426,48237,47315,48228,47426,48237,47315,48228,45722.08541,52.89278981,68.20061859,37.58496104,64.37366139,41.41191823
14/04/2026,48222,48593,48129,48571,47593.15623,46427.85679,,,,,,,,39141.44718,48260.37249,47693.0191,48222,48593,48129,48571,48222,48593,48129,48571,45930.15858,52.93118186,68.14256442,37.71979931,64.33971878,41.52264494
15/04/2026,48513,48694,48267,48487,47625.07922,46445.4563,,,,,,,,39160.35653,48365.37467,47864.08937,48513,48694,48267,48487,48513,48694,48267,48487,46196.44272,52.99712397,68.13550219,37.85874576,64.35090763,41.64334031
16/04/2026,48486,48664,48324,48620,47660.6121,46464.04215,,,,,,,,39179.33557,48483.34894,48026.95707,48486,48664,48324,48620,48486,48664,48324,48620,46496.14959,53.0881109,68.19200848,37.98421333,64.41603409,41.76018772
17/04/2026,48617,49728,48616,49470,47725.2331,46489.73409,,,,,,,,39199.76472,48940.489,48337.87355,48617,49728,48616,49470,48617,49728,48616,49470,46759.89164,53.20198965,68.3109407,38.0930386,64.53370293,41.87027636
20/04/2026,49019,49520,48878,49485,47788.08192,46515.33466,,,,,,,,39220.19906,49192.77454,48585.03218,49019,49520,48878,49485,49019,49520,48878,49485,47175.42681,53.34227459,68.4836307,38.20091848,64.69829167,41.98625751
21/04/2026,49487,49839,49025,49287,47841.61471,46539.0241,,,,,,,,39240.77289,49236.43155,48736.27741,49487,49839,49025,49287,49487,49839,49025,49287,47532.78706,53.50608051,68.70484517,38.30731586,64.905154,42.10700702
22/04/2026,49310,49611,49227,49293,47893.44989,46562.56236,,,,,,,,39261.29156,49262.64112,48856.22826,49310,49611,49227,49293,49310,49611,49227,49293,47901.78113,53.6912614,68.97377846,38.40874433,65.15314919,42.2293736
23/04/2026,49334,49519,48854,49202,47940.18383,46585.12166,,,,,,,,39281.39354,49234.54458,48930.72787,49334,49519,48854,49202,49334,49519,48854,49202,48211.73615,53.8946525,69.28468918,38.50461582,65.43718001,42.35212499
24/04/2026,49235,49415,49061,49240,47986.60583,46607.81292,,,,,,,,39301.54996,49237.07221,48997.36331,49235,49415,49061,49240,49235,49415,49061,49240,48472.09837,54.0960073,69.61229583,38.57971876,65.7332237,42.45879089
